<DATE>,<OPEN>,<HIGH>,<LOW>,<CLOSE>
2016-10-17,18.916,20.358,18.171,19.073
2016-10-18,19.024,19.102,18.299,18.642
2016-10-19,18.642,18.681,18.249,18.583
2016-10-20,18.543,18.867,18.357,18.749
2016-10-21,18.789,19.347,18.789,19.132
2016-10-24,19.28,19.917,19.181,19.427
2016-10-25,19.82,19.82,19.122,19.201
2016-10-26,19.201,19.23,18.986,18.986
2016-10-27,19.033,19.23,18.986,18.986
2016-10-28,19.043,19.112,18.613,18.739
2016-10-31,18.739,18.966,18.593,18.739
2016-11-02,18.739,18.739,18.005,18.013
2016-11-03,18.141,18.396,17.218,17.366
2016-11-04,17.161,18.632,16.915,17.906
2016-11-07,18.141,18.622,18.141,18.465
2016-11-08,18.465,18.583,17.985,17.985
2016-11-09,17.955,18.445,17.671,18.328
2016-11-10,18.415,19.063,18.347,18.543
2016-11-14,18.289,18.495,17.985,18.445
2016-11-15,18.112,18.445,18.112,18.396
2016-11-16,18.396,18.936,18.347,18.347
2016-11-17,18.289,18.789,18.18,18.445
2016-11-18,18.299,18.837,18.072,18.828
2016-11-21,18.642,20.358,18.593,19.427
2016-11-22,19.564,20.103,19.436,19.995
2016-11-23,20.015,20.251,19.77,20.073
2016-11-24,20.073,20.457,19.917,20.408
2016-11-25,20.476,22.046,20.318,21.506
2016-11-28,21.506,22.066,21.506,21.977
2016-11-29,22.076,22.37,20.615,20.615
2016-11-30,21.134,21.586,20.545,21.094
2016-12-01,21.879,21.958,21.242,21.86
2016-12-02,21.879,21.929,21.682,21.87
2016-12-05,21.879,22.37,21.879,22.31
2016-12-06,22.439,23.449,22.38,23.067
2016-12-07,23.4,24.724,23.4,24.185
2016-12-08,24.529,24.529,23.842,24.136
2016-12-09,24.49,24.49,23.548,24.126
2016-12-12,24.234,24.49,23.449,23.499
2016-12-13,23.891,23.939,23.499,23.842
2016-12-14,23.939,24.038,23.566,23.744
2016-12-15,23.596,24.234,23.586,24.088
2016-12-16,24.098,24.411,23.939,24.224
2016-12-19,24.155,24.234,23.754,23.948
2016-12-20,23.958,24.038,23.91,23.948
2016-12-21,23.988,24.529,23.792,24.283
2016-12-22,24.332,24.332,23.645,24.116
2016-12-23,24.116,24.529,24.116,24.421
2016-12-27,24.43,24.51,24.332,24.48
2016-12-28,24.5,24.5,24.145,24.293
2016-12-29,24.401,24.421,24.165,24.332
2016-12-30,24.332,24.332,24.048,24.048
2017-01-02,24.519,25.99,24.008,24.008
2017-01-03,24.234,25.108,24.234,25.098
2017-01-04,25.088,25.098,24.686,24.939
2017-01-05,25.019,25.412,25.019,25.382
2017-01-09,25.382,25.412,25.205,25.412
2017-01-10,25.313,25.412,25.205,25.215
2017-01-11,25.412,25.412,25.264,25.392
2017-01-12,25.392,25.392,25.029,25.176
2017-01-13,25.039,25.392,24.676,24.959
2017-01-16,24.823,24.823,23.822,24.724
2017-01-17,24.716,24.716,24.361,24.716
2017-01-18,24.706,25.412,24.676,25.304
2017-01-19,25.294,26.922,25.069,26.54
2017-01-20,26.863,28.356,26.383,27.579
2017-01-23,27.717,28.845,27.579,28.442
2017-01-24,28.934,31.396,28.649,31.347
2017-01-25,31.102,32.024,30.592,30.955
2017-01-26,31.376,31.376,29.542,30.415
2017-01-27,30.318,30.808,29.257,30.808
2017-01-30,30.808,33.261,30.808,32.76
2017-01-31,32.868,33.064,32.427,33.064
2017-02-01,33.152,33.261,32.377,32.671
2017-02-02,32.967,32.995,31.887,32.25
2017-02-03,32.181,32.357,30.022,30.268
2017-02-06,29.925,30.218,28.748,29.925
2017-02-07,29.925,30.218,29.433,29.807
2017-02-08,30.022,31.543,30.022,30.856
2017-02-09,31.376,31.642,30.081,30.17
2017-02-10,30.415,30.415,29.433,29.836
2017-02-13,29.836,30.013,28.944,29.63
2017-02-14,29.915,30.395,28.964,29.915
2017-02-15,29.915,30.896,29.915,30.758
2017-02-16,30.896,31.739,30.896,31.671
2017-02-17,31.671,31.671,30.415,30.985
2017-02-20,31.376,31.475,30.366,30.661
2017-02-21,30.661,31.299,29.552,29.915
2017-02-22,30.288,30.318,29.542,29.895
2017-02-23,29.895,31.19,29.63,31.092
2017-02-24,31.062,31.102,30.298,30.415
2017-02-27,30.513,31.573,30.513,31.102
2017-02-28,31.2,31.593,30.846,31.024
2017-03-01,31.396,32.476,30.719,32.476
2017-03-02,32.819,33.29,32.72,33.162
2017-03-03,33.261,33.261,32.377,33.113
2017-03-06,33.162,33.751,32.78,33.652
2017-03-07,33.751,33.751,31.69,33.348
2017-03-08,32.476,33.348,32.337,33.348
2017-03-09,33.162,33.358,32.377,33.113
2017-03-10,32.868,33.338,32.397,33.252
2017-03-13,33.31,34.242,33.212,34.094
2017-03-14,34.183,34.242,33.928,34.242
2017-03-15,34.242,35.174,33.635,33.751
2017-03-16,34.133,34.762,33.849,33.898
2017-03-17,34.173,34.419,33.751,34.143
2017-03-20,34.183,35.664,33.751,35.577
2017-03-21,35.577,37.165,35.577,35.911
2017-03-22,35.763,35.811,34.624,35.605
2017-03-23,35.39,37.969,35.32,37.283
2017-03-24,37.94,38.107,36.988,37.381
2017-03-27,37.283,37.283,35.881,36.968
2017-03-28,37.185,38.911,36.891,38.657
2017-03-29,39.148,40.129,38.558,38.587
2017-03-30,38.755,38.755,37.205,37.586
2017-03-31,37.773,38.362,37.283,37.969
2017-04-03,38.362,39.03,37.823,38.264
2017-04-04,38.647,38.755,37.773,38.254
2017-04-05,38.755,38.843,37.48,38.461
2017-04-06,38.215,38.353,37.43,38.069
2017-04-07,38.019,38.019,37.44,37.538
2017-04-10,37.538,38.147,37.381,37.567
2017-04-11,37.577,37.666,36.087,36.155
2017-04-12,35.811,36.135,34.85,35.124
2017-04-13,35.026,35.124,33.408,33.408
2017-04-18,33.505,34.732,33.505,33.839
2017-04-19,33.849,35.644,33.839,34.633
2017-04-20,34.339,36.106,34.193,36.057
2017-04-21,36.204,36.891,34.596,34.782
2017-04-24,34.389,34.683,31.495,33.261
2017-04-25,32.868,33.252,30.808,31.495
2017-04-26,31.249,31.504,28.129,31.504
2017-04-27,32.377,33.025,30.513,32.367
2017-04-28,32.574,33.81,32.083,32.367
2017-05-02,32.967,32.967,31.642,32.27
2017-05-04,31.887,31.946,30.906,31.062
2017-05-05,31.269,31.877,29.964,31.593
2017-05-08,31.593,31.789,30.523,31.299
2017-05-09,30.671,31.112,30.415,30.661
2017-05-10,30.424,31.102,29.68,30.278
2017-05-11,30.318,30.856,30.218,30.228
2017-05-12,30.121,30.121,28.551,29.297
2017-05-15,29.385,32.231,29.14,31.709
2017-05-16,32.221,33.457,31.877,31.877
2017-05-17,31.877,31.887,30.513,30.778
2017-05-18,31.005,31.005,29.826,30.778
2017-05-19,30.856,33.475,30.151,33.475
2017-05-22,33.849,34.143,32.671,33.064
2017-05-23,33.358,33.358,32.28,32.544
2017-05-24,32.544,32.544,30.533,31.887
2017-05-25,32.534,32.534,31.897,32.28
2017-05-26,32.377,33.348,32.181,33.328
2017-05-29,33.064,33.948,32.624,33.358
2017-05-30,33.261,33.457,32.347,32.967
2017-05-31,33.41,33.528,32.148,33.528
2017-06-01,33.478,34.12,33.153,33.488
2017-06-02,33.478,35.352,33.478,34.711
2017-06-05,35.392,35.796,34.514,35.255
2017-06-06,35.491,36.832,35.255,36.782
2017-06-07,36.585,36.782,35.993,36.487
2017-06-08,36.674,36.674,36.368,36.388
2017-06-09,36.487,37.177,36.043,36.437
2017-06-12,36.437,36.979,34.12,35.007
2017-06-13,34.524,35.993,34.524,35.481
2017-06-14,35.481,36.191,35.481,36.191
2017-06-16,36.141,36.141,35.165,35.501
2017-06-19,35.501,35.747,34.909,35.747
2017-06-20,35.796,35.983,35.302,35.796
2017-06-21,35.896,35.993,34.938,35.688
2017-06-22,35.688,36.161,35.688,35.993
2017-06-23,36.003,36.782,35.993,36.634
2017-06-26,36.684,36.979,36.289,36.979
2017-06-27,36.979,37.423,36.694,37.177
2017-06-28,36.969,36.969,36.151,36.428
2017-06-29,36.161,36.882,36.151,36.585
2017-06-30,36.487,37.315,36.348,37.177
2017-07-03,36.842,37.207,36.398,36.398
2017-07-04,36.398,36.487,35.322,35.599
2017-07-05,35.599,35.599,34.219,34.514
2017-07-06,34.89,36.487,34.514,36.211
2017-07-07,35.747,36.487,35.747,36.103
2017-07-10,36.093,36.733,36.093,36.684
2017-07-11,36.684,36.733,34.967,35.658
2017-07-12,36.358,36.358,35.017,35.993
2017-07-13,36.319,36.487,35.302,36.487
2017-07-14,36.743,36.921,35.993,36.832
2017-07-17,36.121,36.979,35.698,36.882
2017-07-18,36.882,37.749,36.782,36.782
2017-07-19,36.782,36.782,36.141,36.782
2017-07-20,36.979,37.67,36.979,37.335
2017-07-21,37.275,37.275,36.289,36.585
2017-07-24,36.181,36.949,35.993,36.378
2017-07-25,36.378,36.378,34.564,34.948
2017-07-26,34.948,36.073,34.662,35.618
2017-07-27,35.51,36.418,35.51,36.191
2017-07-28,35.501,36.388,35.302,35.993
2017-07-31,35.886,35.993,35.302,35.993
2017-08-01,35.599,36.289,35.007,35.993
2017-08-02,36.289,36.289,32.739,34.494
2017-08-03,34.475,34.475,33.233,34.021
2017-08-04,33.923,35.283,33.538,35.245
2017-08-07,35.245,35.302,34.761,35.195
2017-08-08,34.632,35.007,34.051,34.86
2017-08-09,34.8,34.909,33.33,34.021
2017-08-10,33.943,35.106,33.578,35.106
2017-08-11,35.116,35.302,34.021,34.366
2017-08-14,34.031,34.366,33.134,34.189
2017-08-16,33.923,34.456,33.528,34.416
2017-08-17,34.446,34.691,33.775,34.604
2017-08-18,34.504,34.584,33.923,34.564
2017-08-21,34.642,35.886,34.642,35.806
2017-08-22,35.846,37.473,35.816,37.473
2017-08-23,37.453,37.67,36.743,37.374
2017-08-24,37.275,37.74,37.256,37.364
2017-08-25,37.364,37.66,37.265,37.62
2017-08-28,37.67,37.965,37.265,37.374
2017-08-29,37.374,37.473,35.501,37.167
2017-08-30,37.167,37.473,37.167,37.197
2017-08-31,37.374,37.374,36.487,37.137
2017-09-01,37.177,37.177,36.112,36.487
2017-09-04,36.929,36.929,35.826,35.826
2017-09-05,35.717,35.747,35.135,35.312
2017-09-06,35.312,36.487,35.312,36.043
2017-09-07,36.684,36.684,35.55,35.56
2017-09-08,36.388,36.604,35.599,36.487
2017-09-11,36.802,36.802,35.993,36.782
2017-09-12,36.802,36.802,35.55,35.983
2017-09-13,35.983,35.983,35.55,35.55
2017-09-14,36.073,36.585,35.609,35.708
2017-09-15,35.993,35.993,35.057,35.057
2017-09-18,35.057,35.293,34.948,34.987
2017-09-19,34.909,35.491,34.909,35.491
2017-09-20,35.973,36.083,35.235,35.896
2017-09-21,34.613,35.392,34.613,35.332
2017-09-22,35.442,35.58,35.302,35.51
2017-09-25,35.55,36.487,35.55,36.487
2017-09-26,36.289,36.378,35.777,36.378
2017-09-27,36.378,36.378,35.767,36.181
2017-09-28,36.181,36.181,33.675,34.761
2017-09-29,34.416,36.191,34.219,36.191
2017-10-02,36.181,36.181,34.239,34.396
2017-10-03,34.306,34.524,34.219,34.336
2017-10-04,34.179,34.396,33.685,33.685
2017-10-05,33.548,33.548,32.098,33.33
2017-10-06,33.33,33.33,32.789,33.035
2017-10-09,32.809,33.528,31.359,31.408
2017-10-10,31.398,32.838,30.975,31.851
2017-10-11,32.237,32.247,31.616,32.048
2017-10-12,32.374,33.36,32.364,33.36
2017-10-13,33.134,33.134,32.048,32.247
2017-10-16,32.542,33.233,31.693,32.424
2017-10-17,32.256,32.434,31.851,32.404
2017-10-18,31.961,32.434,31.556,31.941
2017-10-19,32.424,32.424,30.669,30.915
2017-10-20,30.915,31.062,30.324,30.807
2017-10-23,30.6,32.838,30.6,32.048
2017-10-24,32.247,32.809,31.211,32.542
2017-10-25,32.344,34.642,32.344,34.416
2017-10-26,34.465,34.514,33.035,33.035
2017-10-27,33.005,33.628,33.005,33.528
2017-10-30,33.528,34.306,32.344,32.344
2017-10-31,32.542,33.41,31.803,33.41
2017-11-02,33.32,33.32,32.552,33.233
2017-11-03,33.282,33.33,31.961,33.134
2017-11-06,33.134,33.311,32.335,32.335
2017-11-07,32.532,32.542,31.783,32.029
2017-11-08,31.981,31.981,30.797,31.3
2017-11-09,30.965,31.516,30.865,31.062
2017-11-10,30.836,31.437,29.544,30.471
2017-11-13,30.471,30.55,29.1,30.076
2017-11-14,29.643,30.066,29.19,29.584
2017-11-15,29.979,29.979,29.338,29.683
2017-11-16,29.081,29.584,27.493,28.4
2017-11-17,28.597,29.09,28.529,29.051
2017-11-20,29.288,30.57,29.288,30.57
2017-11-21,30.57,31.014,30.076,30.076
2017-11-22,30.294,30.294,29.387,29.485
2017-11-23,29.505,29.929,29.387,29.387
2017-11-24,29.397,29.771,29.19,29.574
2017-11-27,29.564,29.564,28.794,29.19
2017-11-28,29.19,30.865,28.993,30.56
2017-11-29,30.274,31.546,30.274,31.062
2017-11-30,31.24,31.359,29.19,29.584
2017-12-01,30.511,30.511,30.076,30.076
2017-12-04,30.412,30.412,28.4,28.597
2017-12-05,28.627,29.979,27.73,29.584
2017-12-06,29.574,29.584,28.105,28.252
2017-12-07,28.479,29.425,28.479,29.09
2017-12-08,28.706,29.859,28.706,29.859
2017-12-11,29.859,30.176,29.495,30.096
2017-12-12,30.076,30.224,29.929,30.224
2017-12-13,30.294,30.905,30.274,30.865
2017-12-14,31.447,32.167,31.359,31.626
2017-12-15,31.941,33.47,31.931,32.542
2017-12-18,32.414,33.005,31.546,31.546
2017-12-19,32.138,33.44,31.803,33.084
2017-12-20,33.44,33.913,33.33,33.874
2017-12-21,33.874,34.909,32.689,32.689
2017-12-22,32.739,34.613,32.739,34.219
2017-12-27,34.219,35.097,32.542,32.542
2017-12-28,34.416,35.382,33.144,34.514
2017-12-29,33.035,35.302,32.907,35.302
2018-01-03,34.564,35.302,34.416,34.416
2018-01-04,35.302,35.302,33.725,33.725
2018-01-05,34.761,34.761,33.725,33.725
2018-01-08,33.528,34.269,33.134,33.134
2018-01-09,33.134,33.923,32.689,33.528
2018-01-10,33.528,34.021,33.282,33.528
2018-01-11,33.923,33.971,32.739,33.183
2018-01-12,33.233,34.711,33.233,34.416
2018-01-15,34.662,35.352,34.662,35.352
2018-01-16,35.352,35.352,34.514,34.909
2018-01-17,34.909,34.909,34.021,34.12
2018-01-18,34.416,34.514,33.33,33.43
2018-01-19,33.528,34.514,33.528,34.219
2018-01-22,34.169,34.169,32.887,33.33
2018-01-23,33.233,33.923,31.606,33.33
2018-01-24,33.33,33.874,33.33,33.628
2018-01-25,33.725,33.775,32.642,33.775
2018-01-26,33.725,33.775,33.084,33.084
2018-01-29,33.628,33.628,33.233,33.528
2018-01-30,33.628,34.021,32.642,32.642
2018-01-31,32.642,32.937,32.344,32.344
2018-02-01,32.542,32.542,31.753,32.148
2018-02-02,31.703,32.492,31.062,31.359
2018-02-05,31.062,32.937,29.633,32.048
2018-02-06,29.584,31.359,29.584,31.31
2018-02-07,31.753,33.035,31.556,32.642
2018-02-08,32.838,32.838,31.062,31.556
2018-02-09,30.865,31.062,30.076,30.57
2018-02-12,30.669,31.556,30.421,30.421
2018-02-13,30.57,31.359,30.57,31.062
2018-02-14,31.31,32.148,30.717,31.506
2018-02-15,32.048,32.048,31.162,31.556
2018-02-16,31.556,32.048,31.556,31.951
2018-02-19,32.197,32.197,31.457,32.148
2018-02-20,32.148,33.528,31.951,32.838
2018-02-21,33.282,33.43,33.035,33.084
2018-02-22,33.035,33.035,32.344,32.642
2018-02-23,32.642,33.233,32.642,32.642
2018-02-26,33.134,33.33,31.703,31.703
2018-02-27,31.951,32.344,31.606,31.753
2018-02-28,31.703,31.703,29.781,30.865
2018-03-01,30.767,31.062,29.288,30.126
2018-03-02,30.126,30.421,29.387,29.979
2018-03-05,29.979,30.324,28.647,29.83
2018-03-06,30.076,31.062,29.979,30.817
2018-03-07,30.767,32.542,29.387,31.359
2018-03-08,31.951,31.951,31.062,31.162
2018-03-09,30.669,31.162,30.176,30.817
2018-03-12,30.57,31.062,29.781,30.076
2018-03-13,30.027,30.471,29.781,30.471
2018-03-14,29.879,30.817,29.879,30.669
2018-03-15,30.669,30.817,30.076,30.57
2018-03-16,30.62,30.767,29.584,30.57
2018-03-19,30.274,30.52,29.732,29.781
2018-03-20,30.076,30.52,29.584,30.224
2018-03-21,30.224,30.471,29.584,29.83
2018-03-22,29.879,30.817,29.435,30.076
2018-03-23,30.373,30.373,29.485,29.732
2018-03-26,29.584,29.979,28.993,29.19
2018-03-27,29.584,30.373,29.435,29.879
2018-03-28,29.584,29.584,27.907,28.697
2018-03-29,28.597,29.387,28.4,29.19
2018-04-03,29.288,29.584,28.597,28.597
2018-04-04,28.597,29.09,28.352,28.844
2018-04-05,28.597,29.387,28.597,29.238
2018-04-06,29.19,29.288,28.893,28.993
2018-04-09,29.09,29.584,28.993,29.435
2018-04-10,29.534,30.076,29.387,30.027
2018-04-11,30.027,30.57,29.683,30.57
2018-04-12,30.027,30.57,30.027,30.027
2018-04-13,30.373,30.373,29.732,29.879
2018-04-16,29.781,30.027,29.633,29.879
2018-04-17,29.584,29.83,29.09,29.485
2018-04-18,29.584,29.584,29.288,29.435
2018-04-19,29.435,30.027,29.288,29.781
2018-04-20,29.435,29.879,29.338,29.584
2018-04-23,29.485,29.879,29.387,29.781
2018-04-24,29.584,29.83,29.435,29.584
2018-04-25,29.584,30.126,28.597,29.584
2018-04-26,29.584,30.126,28.993,29.584
2018-04-27,29.584,30.126,29.387,30.126
2018-04-30,30.126,30.274,29.584,30.274
2018-05-02,30.274,30.274,29.485,30.027
2018-05-04,30.176,30.224,29.584,29.781
2018-05-07,29.584,29.584,28.794,29.435
2018-05-08,29.09,29.387,28.499,29.387
2018-05-09,29.288,29.338,28.597,29.09
2018-05-10,29.14,29.19,28.548,28.893
2018-05-11,29.09,29.09,28.105,28.499
2018-05-14,28.449,28.844,27.711,28.794
2018-05-15,28.794,28.943,28.449,28.597
2018-05-16,28.893,29.683,28.548,29.14
2018-05-17,29.485,29.485,28.647,29.14
2018-05-18,29.485,29.534,28.499,29.19
2018-05-21,29.288,29.288,27.858,28.597
2018-05-22,28.105,29.387,28.055,28.597
2018-05-23,28.203,29.041,28.105,28.597
2018-05-24,29.19,30.421,29.09,30.076
2018-05-25,30.373,31.457,30.373,30.915
2018-05-28,30.915,30.915,29.534,30.817
2018-05-29,30.669,31.31,29.534,31.062
2018-05-30,30.57,30.817,30.126,30.57
2018-06-01,30.373,30.373,29.387,29.387
2018-06-04,29.435,29.732,29.19,29.19
2018-06-05,29.19,29.979,28.844,29.929
2018-06-06,30.421,30.421,29.584,29.929
2018-06-07,29.781,30.076,29.387,29.387
2018-06-08,29.387,30.57,29.288,30.52
2018-06-11,31.165,31.214,30.421,30.62
2018-06-12,30.818,30.818,29.777,30.174
2018-06-13,29.777,30.62,29.629,30.223
2018-06-14,29.827,31.214,29.827,30.718
2018-06-15,30.52,31.214,30.421,31.214
2018-06-18,31.016,31.214,30.421,31.214
2018-06-19,31.214,31.214,30.421,31.214
2018-06-20,31.214,32.353,30.52,31.611
2018-06-21,31.611,31.611,30.818,31.462
2018-06-22,30.917,31.611,30.57,31.214
2018-06-25,30.818,31.462,30.223,30.223
2018-06-26,30.718,30.718,28.935,29.084
2018-06-27,29.084,29.728,28.935,29.232
2018-06-28,29.629,31.661,29.579,31.165
2018-06-29,31.165,32.453,30.57,32.453
2018-07-02,32.353,32.353,31.661,31.661
2018-07-03,31.709,32.75,31.709,32.7
2018-07-04,32.7,33.691,32.453,33.344
2018-07-05,33.394,34.187,32.949,33.097
2018-07-06,33.097,33.593,31.016,31.412
2018-07-09,31.611,32.205,30.52,31.362
2018-07-10,30.867,31.908,30.867,31.709
2018-07-11,31.661,31.759,31.016,31.709
2018-07-12,31.412,31.561,30.818,31.214
2018-07-13,31.214,31.314,30.52,30.917
2018-07-16,31.165,31.561,30.52,31.065
2018-07-17,31.412,34.385,31.412,33.89
2018-07-18,33.89,33.89,32.75,32.997
2018-07-19,32.7,33.196,32.255,32.7
2018-07-20,33.097,33.196,32.7,33.097
2018-07-23,33.196,33.196,32.7,32.949
2018-07-24,32.949,32.949,32.353,32.403
2018-07-25,32.8,32.8,32.106,32.652
2018-07-26,32.353,32.353,31.809,31.958
2018-07-27,31.958,33.196,31.412,33.196
2018-07-30,33.146,33.146,32.403,32.602
2018-07-31,32.7,32.8,31.908,32.652
2018-08-01,32.7,32.8,32.403,32.7
2018-08-02,32.403,32.7,31.908,32.652
2018-08-03,32.652,32.899,32.255,32.403
2018-08-06,32.403,33.593,32.305,33.196
2018-08-07,33.593,35.525,33.196,35.029
2018-08-08,35.228,35.475,34.385,34.782
2018-08-09,34.782,35.426,34.484,34.584
2018-08-10,34.385,34.385,33.988,34.038
2018-08-13,34.137,34.237,32.997,33.097
2018-08-14,33.097,33.691,32.453,32.7
2018-08-16,32.7,33.691,32.7,32.7
2018-08-17,32.8,32.8,30.025,31.115
2018-08-20,32.205,32.305,30.917,32.205
2018-08-21,32.453,33.593,31.362,31.709
2018-08-22,31.214,33.89,30.917,33.691
2018-08-23,32.7,33.493,32.7,32.7
2018-08-24,32.403,32.403,31.661,31.661
2018-08-27,31.511,32.007,31.214,31.362
2018-08-28,31.214,33.593,31.214,33.493
2018-08-29,33.196,33.84,32.602,33.593
2018-08-30,34.038,34.038,32.997,33.296
2018-08-31,33.047,35.079,32.056,34.682
2018-09-03,34.682,35.079,32.7,32.849
2018-09-04,33.691,34.187,32.899,32.997
2018-09-05,33.444,33.988,32.997,33.296
2018-09-06,32.949,33.246,32.8,32.849
2018-09-07,32.849,33.444,32.7,33.146
2018-09-10,32.8,33.146,32.502,32.7
2018-09-11,32.997,33.146,32.205,32.8
2018-09-12,33.047,33.047,32.403,32.899
2018-09-13,33.543,33.543,32.8,33.444
2018-09-14,33.593,34.385,33.493,33.691
2018-09-17,34.137,34.137,33.296,33.296
2018-09-18,33.296,33.691,33.196,33.691
2018-09-19,33.691,33.691,33.196,33.246
2018-09-20,33.196,33.641,32.899,33.196
2018-09-21,33.196,33.641,32.7,33.344
2018-09-24,33.444,33.444,32.353,32.552
2018-09-25,33.097,33.641,32.75,33.493
2018-09-26,33.593,33.593,32.602,33.394
2018-09-27,32.8,33.641,32.552,32.602
2018-09-28,33.493,33.641,33.047,33.296
2018-10-01,33.593,33.593,32.602,33.593
2018-10-02,33.593,33.84,33.543,33.593
2018-10-03,33.691,33.691,33.543,33.593
2018-10-04,33.593,33.593,33.097,33.593
2018-10-05,33.196,33.344,32.849,33.344
2018-10-08,33.344,33.344,32.305,33.196
2018-10-09,33.196,33.196,32.403,32.7
2018-10-10,32.75,32.899,31.709,31.709
2018-10-11,31.264,32.156,29.926,30.967
2018-10-12,30.223,31.016,30.223,30.52
2018-10-15,30.52,31.511,30.421,31.511
2018-10-16,30.967,31.511,30.967,31.511
2018-10-17,31.264,31.511,30.967,31.065
2018-10-18,31.412,31.412,30.768,31.016
2018-10-19,30.025,30.967,29.629,30.223
2018-10-22,30.074,30.223,29.679,29.827
2018-10-23,29.728,30.718,29.43,29.728
2018-10-24,29.728,30.421,29.332,29.827
2018-10-25,29.133,29.232,28.241,28.786
2018-10-26,28.985,29.629,28.638,29.084
2018-10-29,29.133,29.579,28.638,28.985
2018-10-30,29.133,29.232,28.688,28.985
2018-10-31,29.183,29.332,28.836,29.332
2018-11-02,29.629,31.065,29.48,30.223
2018-11-05,30.174,30.174,29.579,29.579
2018-11-06,29.529,29.579,29.133,29.183
2018-11-07,29.084,29.728,29.084,29.728
2018-11-08,30.223,30.67,29.43,29.679
2018-11-09,29.629,29.926,29.232,29.728
2018-11-13,29.232,29.529,28.341,29.529
2018-11-14,29.529,29.926,29.133,29.728
2018-11-15,30.718,30.917,29.777,29.777
2018-11-16,30.471,30.471,28.786,29.679
2018-11-19,29.579,29.679,27.994,28.439
2018-11-20,28.737,29.579,28.39,29.232
2018-11-21,28.737,29.529,28.737,29.529
2018-11-22,29.48,30.471,29.43,29.777
2018-11-23,30.174,30.323,30.174,30.273
2018-11-26,30.52,30.718,29.728,30.471
2018-11-27,30.62,31.214,30.62,30.917
2018-11-28,31.115,31.165,30.074,31.016
2018-11-29,31.016,31.214,30.62,31.214
2018-11-30,31.214,31.561,31.214,31.214
2018-12-03,31.314,31.611,31.314,31.611
2018-12-04,31.115,32.403,31.065,32.403
2018-12-05,32.502,32.7,31.709,31.908
2018-12-06,32.007,32.7,31.016,32.205
2018-12-07,32.205,32.502,31.809,32.453
2018-12-10,31.511,32.156,30.174,32.056
2018-12-11,32.056,32.106,31.016,32.106
2018-12-12,32.056,32.205,31.264,32.205
2018-12-13,32.205,32.502,31.809,31.908
2018-12-14,31.908,32.255,31.314,31.709
2018-12-17,31.661,32.205,31.561,31.908
2018-12-18,31.611,32.007,31.165,31.462
2018-12-19,31.511,31.561,30.718,31.115
2018-12-20,30.917,31.115,30.323,30.62
2018-12-21,30.62,30.917,30.025,30.818
2018-12-27,30.917,31.709,30.323,31.611
2018-12-28,30.867,31.214,30.867,30.967
2019-01-02,30.718,30.917,29.876,30.818
2019-01-03,30.52,30.718,30.421,30.718
2019-01-04,30.421,30.718,30.223,30.67
2019-01-07,30.67,30.67,29.43,30.174
2019-01-08,29.629,31.065,29.579,29.679
2019-01-09,29.926,29.926,29.679,29.926
2019-01-10,30.273,30.323,29.728,30.273
2019-01-11,29.876,30.174,29.728,30.025
2019-01-14,30.223,30.471,30.223,30.323
2019-01-15,31.264,31.362,30.421,31.214
2019-01-16,31.214,31.314,31.214,31.214
2019-01-17,30.917,31.115,30.223,30.768
2019-01-18,31.115,31.115,30.421,30.768
2019-01-21,30.768,30.768,30.52,30.718
2019-01-22,31.362,31.362,30.62,30.818
2019-01-23,31.115,32.205,31.065,31.511
2019-01-24,31.709,32.056,31.314,31.709
2019-01-25,31.362,31.511,31.214,31.412
2019-01-28,32.7,33.444,32.7,33.097
2019-01-29,33.196,34.435,33.196,34.187
2019-01-30,34.385,35.029,34.137,34.782
2019-01-31,35.079,35.079,34.187,34.287
2019-02-01,34.584,34.682,33.741,34.682
2019-02-04,34.682,34.979,34.187,34.682
2019-02-05,34.682,34.979,34.682,34.682
2019-02-06,34.782,34.782,33.89,34.187
2019-02-07,34.287,34.682,32.75,34.287
2019-02-08,34.385,34.782,34.385,34.682
2019-02-11,34.782,34.782,34.088,34.782
2019-02-12,34.682,34.782,34.534,34.782
2019-02-13,34.782,34.979,34.584,34.979
2019-02-14,34.979,37.556,34.979,37.457
2019-02-15,37.854,40.628,37.854,38.249
2019-02-18,38.646,39.142,36.863,38.448
2019-02-19,38.646,38.795,38.002,38.399
2019-02-20,37.854,38.151,37.408,37.655
2019-02-21,37.457,37.655,37.16,37.457
2019-02-22,37.16,37.903,36.961,37.605
2019-02-25,37.804,38.696,37.655,38.101
2019-02-26,38.101,38.101,36.863,38.101
2019-02-27,38.101,38.101,36.961,37.655
2019-02-28,37.655,37.655,37.11,37.556
2019-03-01,37.308,38.052,37.21,38.052
2019-03-04,38.448,39.092,38.448,39.043
2019-03-05,39.191,40.331,39.191,40.231
2019-03-06,40.231,43.799,39.687,43.007
2019-03-07,42.709,44.69,41.718,44.69
2019-03-08,45.384,47.763,44.295,47.168
2019-03-11,47.515,47.614,43.799,45.236
2019-03-12,44.889,46.128,43.304,43.304
2019-03-13,43.304,44.889,41.619,44.195
2019-03-14,44.443,44.79,43.601,44.542
2019-03-15,44.592,44.79,44.195,44.592
2019-03-18,44.592,47.168,44.592,45.583
2019-03-19,46.277,47.366,45.286,46.474
2019-03-20,46.375,46.375,44.592,45.583
2019-03-21,45.93,46.078,44.839,45.434
2019-03-22,45.979,46.375,45.384,45.583
2019-03-25,45.583,46.524,45.583,45.681
2019-03-26,45.633,46.425,45.633,45.979
2019-03-27,46.177,47.316,43.749,44.493
2019-03-28,45.483,45.483,42.114,42.61
2019-03-29,41.718,43.304,41.123,41.619
2019-04-01,42.412,45.583,42.412,45.583
2019-04-02,46.078,50.636,45.335,50.537
2019-04-03,50.141,50.141,47.168,47.565
2019-04-04,48.06,48.506,47.168,47.565
2019-04-05,47.515,48.06,44.096,45.186
2019-04-08,45.186,46.177,44.939,45.186
2019-04-09,45.681,47.465,45.483,45.731
2019-04-10,46.177,46.474,45.186,45.781
2019-04-11,45.681,46.227,45.286,45.681
2019-04-12,45.731,46.277,45.087,45.186
2019-04-15,45.137,45.88,44.642,45.037
2019-04-16,45.979,45.979,43.998,44.195
2019-04-17,44.69,45.583,44.295,44.69
2019-04-18,44.146,45.533,43.105,43.601
2019-04-23,45.533,45.533,44.096,44.393
2019-04-24,44.393,44.393,43.304,43.898
2019-04-25,43.898,44.344,43.402,43.7
2019-04-26,39.637,42.213,36.764,41.123
2019-04-29,41.323,41.771,40.475,41.771
2019-04-30,41.771,43.566,41.771,42.37
2019-05-02,42.968,43.566,42.519,42.868
2019-05-06,42.569,43.167,41.871,42.021
2019-05-07,42.021,42.37,41.522,41.871
2019-05-08,41.871,42.768,41.622,41.672
2019-05-09,41.522,41.871,40.226,40.226
2019-05-10,40.326,41.871,39.279,39.379
2019-05-13,40.376,40.376,38.382,39.179
2019-05-14,37.186,38.88,37.136,37.883
2019-05-15,38.781,38.781,37.235,38.631
2019-05-16,38.232,39.678,38.232,39.678
2019-05-17,39.778,40.874,38.731,40.675
2019-05-20,40.874,40.874,39.778,40.077
2019-05-21,38.98,40.176,38.98,39.778
2019-05-22,39.03,40.176,38.93,39.379
2019-05-23,39.827,40.176,39.479,39.479
2019-05-24,39.479,40.176,39.479,40.127
2019-05-27,40.176,42.27,40.176,41.871
2019-05-28,42.27,42.768,42.021,42.719
2019-05-29,42.669,42.669,40.874,40.924
2019-05-30,40.874,42.071,40.675,40.874
2019-05-31,41.423,42.071,40.775,41.871
2019-06-03,40.924,42.17,40.924,41.921
2019-06-04,41.572,41.572,40.675,40.974
2019-06-05,40.725,40.725,39.977,40.077
2019-06-06,39.877,40.027,39.08,40.027
2019-06-07,40.027,41.722,40.027,41.074
2019-06-10,41.572,41.871,40.127,41.323
2019-06-11,41.323,41.871,41.323,41.373
2019-06-12,41.074,42.469,41.074,42.469
2019-06-13,42.469,44.264,42.469,43.865
2019-06-14,43.765,44.762,43.765,44.712
2019-06-17,44.762,46.607,44.762,45.61
2019-06-18,45.61,45.61,44.363,44.762
2019-06-19,45.36,45.36,43.516,43.865
2019-06-21,43.965,45.36,43.865,45.111
2019-06-24,45.211,45.66,43.765,44.962
2019-06-25,45.061,45.161,44.064,45.161
2019-06-26,45.51,45.51,43.466,44.862
2019-06-27,44.862,45.111,43.167,43.516
2019-06-28,44.314,44.314,43.666,43.666
2019-07-01,43.666,44.862,43.666,44.363
2019-07-02,44.762,44.762,43.416,44.663
2019-07-03,44.613,44.613,43.865,44.563
2019-07-04,44.563,47.255,44.015,46.656
2019-07-05,46.856,47.255,46.357,46.457
2019-07-08,46.557,46.557,45.061,45.66
2019-07-09,45.66,46.706,45.161,45.261
2019-07-10,46.258,46.357,45.061,46.008
2019-07-11,46.008,46.357,45.261,46.008
2019-07-12,46.158,48.6,45.859,48.401
2019-07-15,48.401,49.248,46.407,46.457
2019-07-16,47.105,48.351,46.557,46.806
2019-07-17,47.155,47.853,46.507,47.354
2019-07-18,47.354,47.803,45.909,46.158
2019-07-19,46.856,47.952,46.208,47.853
2019-07-22,47.952,49.149,47.255,47.255
2019-07-23,47.753,48.152,47.454,47.554
2019-07-24,47.853,48.052,47.853,48.052
2019-07-25,48.351,48.351,47.554,47.703
2019-07-26,48.252,48.252,47.155,47.653
2019-07-29,47.653,47.653,46.656,46.656
2019-07-30,46.208,46.457,43.915,45.859
2019-07-31,45.161,45.959,44.413,45.759
2019-08-01,45.859,45.859,44.712,44.862
2019-08-02,44.463,45.111,43.965,43.965
2019-08-05,43.815,43.815,41.622,42.868
2019-08-06,41.423,43.217,41.273,42.569
2019-08-07,42.27,42.868,40.525,40.874
2019-08-08,40.725,42.669,40.725,41.971
2019-08-09,42.669,42.669,40.874,40.874
2019-08-12,41.173,42.32,39.827,41.173
2019-08-13,41.123,42.021,40.575,40.874
2019-08-14,40.625,41.722,40.625,40.874
2019-08-16,41.373,42.569,40.625,40.874
2019-08-19,41.572,41.771,40.874,41.373
2019-08-20,41.373,42.569,40.924,41.373
2019-08-21,41.373,41.373,40.974,41.173
2019-08-22,41.373,41.871,40.675,40.874
2019-08-23,40.874,41.771,40.475,40.675
2019-08-26,40.376,40.675,39.728,40.376
2019-08-27,40.276,40.276,39.728,39.877
2019-08-28,40.276,40.675,39.528,39.877
2019-08-29,39.678,40.475,39.678,40.475
2019-08-30,40.625,42.868,39.678,40.326
2019-09-02,40.276,42.32,40.276,41.123
2019-09-03,41.871,41.871,40.525,40.874
2019-09-04,40.824,41.722,40.077,41.074
2019-09-05,41.024,41.672,40.625,41.323
2019-09-06,40.974,41.672,40.376,40.376
2019-09-09,41.223,41.423,39.678,40.027
2019-09-10,40.625,40.625,38.282,38.382
2019-09-11,38.482,40.525,37.834,39.877
2019-09-12,40.575,40.575,39.479,40.027
2019-09-13,40.027,41.173,39.778,40.376
2019-09-16,41.123,41.821,40.376,40.575
2019-09-17,41.273,41.622,39.977,40.525
2019-09-18,41.273,42.071,40.376,41.074
2019-09-19,41.672,41.821,40.874,41.173
2019-09-20,41.672,41.771,41.123,41.123
2019-09-23,41.771,44.314,40.874,43.317
2019-09-24,44.214,46.108,44.064,44.962
2019-09-25,45.061,45.56,43.865,43.865
2019-09-26,43.367,44.762,42.968,42.968
2019-09-27,43.018,44.663,42.17,42.17
2019-09-30,41.373,41.672,39.977,41.672
2019-10-01,41.871,44.264,41.024,43.317
2019-10-02,44.114,44.114,41.771,41.771
2019-10-03,41.672,42.22,41.672,42.22
2019-10-04,42.22,42.868,41.423,42.868
2019-10-07,42.918,43.666,42.918,43.367
2019-10-08,44.363,45.311,42.868,44.663
2019-10-09,44.862,45.859,44.663,45.41
2019-10-10,45.859,46.357,44.563,45.36
2019-10-11,46.258,46.258,43.965,44.513
2019-10-14,44.563,44.862,43.067,43.167
2019-10-15,43.167,43.815,43.067,43.167
2019-10-16,43.117,43.815,43.067,43.367
2019-10-17,43.367,44.264,43.267,44.064
2019-10-18,44.114,44.513,43.018,43.117
2019-10-21,43.367,43.815,42.918,43.317
2019-10-22,43.516,43.516,42.12,42.12
2019-10-23,41.971,42.719,40.675,41.971
2019-10-24,42.17,42.27,41.572,41.771
2019-10-25,41.472,42.669,40.675,40.924
2019-10-28,40.874,42.569,40.874,41.971
2019-10-29,42.37,42.818,42.17,42.37
2019-10-30,42.768,42.768,41.871,42.569
2019-10-31,42.569,42.569,42.071,42.37
2019-11-04,42.27,43.965,41.771,43.715
2019-11-05,43.715,43.865,43.367,43.865
2019-11-06,43.865,44.264,43.317,43.865
2019-11-07,43.416,43.815,42.968,43.367
2019-11-08,44.064,44.363,43.067,44.314
2019-11-12,43.067,43.865,43.067,43.865
2019-11-13,43.865,45.111,43.715,43.715
2019-11-14,43.815,44.413,43.117,43.666
2019-11-15,43.416,44.762,43.416,44.164
2019-11-18,44.264,44.663,44.264,44.413
2019-11-19,44.762,45.261,44.513,45.161
2019-11-20,45.56,46.806,44.663,45.211
2019-11-21,45.061,45.061,43.865,44.214
2019-11-22,44.264,44.264,42.968,43.167
2019-11-25,42.669,43.865,41.871,43.765
2019-11-26,43.765,44.862,43.765,44.712
2019-11-27,44.712,44.862,43.666,44.114
2019-11-28,43.815,44.363,43.666,44.363
2019-11-29,44.363,44.613,43.965,44.613
2019-12-02,44.862,45.56,44.363,44.613
2019-12-03,44.712,45.261,44.064,44.862
2019-12-04,45.261,45.56,44.812,45.311
2019-12-05,45.311,45.311,43.715,43.865
2019-12-06,43.865,43.865,43.267,43.367
2019-12-09,43.865,43.865,42.519,43.267
2019-12-10,43.267,43.267,42.37,42.868
2019-12-11,42.37,42.619,41.323,41.323
2019-12-12,41.323,43.416,38.581,40.475
2019-12-13,40.376,42.071,39.927,40.077
2019-12-16,40.077,40.775,39.578,40.775
2019-12-17,41.323,41.572,40.376,40.874
2019-12-18,40.725,40.725,40.176,40.276
2019-12-19,39.877,40.376,39.429,39.778
2019-12-20,39.778,39.778,38.88,38.88
2019-12-23,38.88,41.173,38.88,40.824
2019-12-27,40.974,40.974,40.376,40.376
2019-12-30,40.176,41.771,39.578,39.578
2020-01-02,39.628,41.871,39.628,41.871
2020-01-03,42.469,43.367,41.871,43.367
2020-01-07,44.064,44.363,43.367,43.616
2020-01-08,43.666,43.666,42.519,43.516
2020-01-09,43.815,45.161,43.815,44.862
2020-01-10,45.261,45.859,44.862,45.859
2020-01-13,48.75,49.049,46.457,48.152
2020-01-14,48.65,50.245,48.65,49.597
2020-01-15,49.747,49.747,47.853,47.853
2020-01-16,48.202,48.85,47.454,47.653
2020-01-17,47.653,48.85,47.653,48.7
2020-01-20,48.85,50.245,48.85,49.946
2020-01-21,50.245,50.245,49.747,49.847
2020-01-22,49.847,49.847,48.202,49.448
2020-01-23,49.348,49.348,47.205,47.354
2020-01-24,46.956,47.952,44.762,46.357
2020-01-27,46.357,47.454,44.363,44.862
2020-01-28,46.058,46.656,44.962,45.859
2020-01-29,46.357,46.457,45.261,45.859
2020-01-30,46.457,46.457,44.712,44.762
2020-01-31,44.912,45.809,43.865,43.865
2020-02-03,43.666,45.46,42.071,43.765
2020-02-04,43.765,43.765,41.273,42.17
2020-02-05,42.17,43.367,42.17,43.367
2020-02-06,43.616,44.363,43.466,43.466
2020-02-07,43.865,43.865,42.17,42.469
2020-02-10,42.469,42.469,40.874,41.522
2020-02-11,41.522,41.572,41.074,41.472
2020-02-12,42.27,44.513,41.871,44.463
2020-02-13,44.862,45.36,43.865,44.064
2020-02-14,43.865,43.865,43.367,43.765
2020-02-17,43.865,44.862,43.117,44.663
2020-02-18,44.762,44.812,43.416,44.015
2020-02-19,45.859,47.853,44.015,44.015
2020-02-20,44.264,45.36,42.968,43.117
2020-02-21,44.413,44.413,43.167,43.516
2020-02-24,43.516,43.516,41.323,41.373
2020-02-25,41.074,42.868,39.977,42.719
2020-02-26,42.719,43.865,40.924,41.572
2020-02-27,41.472,41.472,37.485,39.728
2020-02-28,38.282,39.479,35.69,37.285
2020-03-02,38.88,40.376,37.086,38.781
2020-03-03,39.827,40.775,38.93,39.877
2020-03-04,39.08,40.376,38.482,39.728
2020-03-05,40.974,42.37,39.08,39.08
2020-03-06,39.229,39.778,37.485,37.883
2020-03-09,34.893,35.541,32.5,32.749
2020-03-10,33.896,34.294,30.706,31.902
2020-03-11,32.4,33.098,28.512,29.908
2020-03-12,26.867,26.867,24.225,24.425
2020-03-13,25.123,32.899,22.979,28.163
2020-03-16,28.712,31.902,25.92,31.902
2020-03-17,31.902,37.883,30.905,34.893
2020-03-18,36.288,36.288,32.4,32.899
2020-03-19,32.151,34.743,31.752,31.902
2020-03-20,32.899,33.796,29.659,29.908
2020-03-23,29.908,32.4,27.416,29.908
2020-03-24,31.154,31.802,30.506,30.656
2020-03-25,31.204,32.5,29.41,31.254
2020-03-26,31.752,32.201,31.054,32.101
2020-03-27,32.799,32.998,31.952,31.952
2020-03-30,32.002,33.995,30.905,33.597
2020-03-31,33.397,35.89,33.148,34.594
2020-04-01,34.893,35.391,33.347,33.696
2020-04-02,33.646,34.544,33.497,34.294
2020-04-03,34.394,36.787,33.547,35.89
2020-04-06,36.388,39.877,36.388,38.432
2020-04-07,39.678,40.824,36.488,36.837
2020-04-08,37.385,37.385,34.494,35.79
2020-04-09,35.989,36.488,33.995,34.394
2020-04-14,34.294,34.394,33.497,33.896
2020-04-15,33.896,33.995,32.201,32.45
2020-04-16,32.45,34.294,32.45,33.298
2020-04-17,34.743,34.893,33.846,34.095
2020-04-20,34.394,34.394,33.298,33.896
2020-04-21,34.394,35.092,31.104,31.902
2020-04-22,32.002,32.4,31.453,31.702
2020-04-23,31.902,32.849,30.905,32.251
2020-04-24,31.503,31.902,30.905,31.802
2020-04-27,31.802,31.802,30.157,30.207
2020-04-28,30.506,30.506,28.961,29.509
2020-04-29,29.509,33.497,29.21,33.148
2020-04-30,33.896,33.995,31.902,32.151
2020-05-04,32.151,33.397,31.005,32.899
2020-05-05,32.6,33.447,32.6,32.998
2020-05-06,33.497,33.497,31.852,32.201
2020-05-07,32.201,32.301,31.304,31.802
2020-05-08,31.702,31.852,31.503,31.802
2020-05-11,33.696,34.544,32.4,32.899
2020-05-12,33.397,33.497,32.201,33.298
2020-05-13,33.248,34.245,32.899,34.145
2020-05-14,34.145,34.145,32.55,33.098
2020-05-15,33.298,33.597,32.899,33.048
2020-05-18,33.995,33.995,32.002,32.151
2020-05-19,32.151,33.048,32.101,32.55
2020-05-20,32.899,32.998,32.5,32.55
2020-05-21,32.55,32.799,32.4,32.699
2020-05-22,32.6,32.899,32.6,32.749
2020-05-25,32.55,32.65,31.752,32.201
2020-05-26,32.201,32.799,32.101,32.55
2020-05-27,32.4,32.749,32.101,32.6
2020-05-28,32.699,32.699,31.902,32.45
2020-05-29,32.35,32.5,31.952,32.5
2020-06-01,32.7,32.7,31.8,32.2
2020-06-02,32.5,32.5,31.85,32.45
2020-06-03,32.65,34.8,32.6,34.6
2020-06-04,35.1,35.6,34.7,35.15
2020-06-05,35.5,36.75,35.3,36.65
2020-06-08,37.7,37.7,36.5,37.7
2020-06-09,38,38.3,36.55,37.7
2020-06-10,38,38.95,37.7,38.9
2020-06-12,37.1,38.45,35.55,38.4
2020-06-15,38,40,36.5,38.95
2020-06-16,40,41.55,39.55,41.55
2020-06-17,42.45,42.45,40.45,40.45
2020-06-18,40.5,41.1,39.5,41
2020-06-19,41.4,41.8,40.65,41.5
2020-06-22,41.7,41.7,40.55,41
2020-06-23,41,43.3,40.8,43.3
2020-06-24,43.7,44,42.3,43
2020-06-25,42.9,43.45,42.1,42.95
2020-06-26,43,43.1,40.2,41
2020-06-29,41.2,41.5,38.8,39
2020-06-30,39.1,39.9,38.1,38.1
2020-07-01,39.1,39.7,38.25,39.5
2020-07-02,39.5,40.95,38.8,40.95
2020-07-03,40.7,41.55,40.4,40.5
2020-07-06,40.95,41,39.7,40.6
2020-07-07,40.9,42.5,40.5,42.5
2020-07-08,42.8,43.75,42,43.5
2020-07-09,43.8,44.4,43.1,44.1
2020-07-10,44.5,44.5,41.3,43.3
2020-07-13,43.3,43.3,41.5,42.15
2020-07-14,42.15,43,41.3,41.6
2020-07-15,41.35,42.3,41.2,41.9
2020-07-16,42.8,42.8,41.15,41.2
2020-07-17,41.5,41.9,41.25,41.35
2020-07-20,41.6,42.1,41.45,42.1
2020-07-21,42.1,44.2,42.1,43
2020-07-22,43.1,43.15,40.75,41.05
2020-07-23,41.05,42.95,40.05,40.6
2020-07-24,40.1,41,38.6,41
2020-07-27,40.95,41.2,39.55,41
2020-07-28,41,43,40.4,42.4
2020-07-29,42.4,42.5,40.4,42.5
2020-07-30,42.8,42.8,38.4,38.95
2020-07-31,39.1,40.45,38.95,39.3
2020-08-03,40,41.2,39,41.2
2020-08-04,41.25,42,39.85,41
2020-08-05,41.85,41.85,40.5,41.5
2020-08-06,41.95,41.95,39.9,40.6
2020-08-07,40.65,41,39.8,40.1
2020-08-10,41.4,41.5,40.65,41.2
2020-08-11,41.4,41.45,39.8,40
2020-08-12,40.1,41.35,38.8,40
2020-08-13,39.8,40.65,39.6,40
2020-08-14,40,40.35,39.55,39.9
2020-08-17,40.5,40.8,39.85,40.1
2020-08-18,40.2,41.1,40.05,40.4
2020-08-19,40.4,44.65,40,44.25
2020-08-20,44.8,46.3,43.65,44.8
2020-08-21,45.25,45.45,42.15,43.8
2020-08-24,44,44.4,43.8,43.9
2020-08-25,44.35,44.5,42.9,43
2020-08-26,42.25,43.2,42.2,43
2020-08-27,43.5,43.95,42.75,43.5
2020-08-28,43.5,43.8,42.7,43.8
2020-08-31,43.95,44.95,43.8,44
2020-09-01,44.1,44.5,42,42.3
2020-09-02,43,43,42.2,42.3
2020-09-03,42.95,43.15,42,42
2020-09-04,42,42.3,41.05,41.05
2020-09-07,41,42,40.2,41.2
2020-09-08,41.2,41.25,37.1,39.55
2020-09-09,38,43.4,37.95,42.8
2020-09-10,43.75,43.75,41.95,42.2
2020-09-11,43,43,42.1,42.6
2020-09-14,42.6,42.95,42,42
2020-09-15,42.5,43.5,42.1,42.5
2020-09-16,42.5,42.85,40.7,41.6
2020-09-17,41.4,41.75,40.5,40.85
2020-09-18,40.65,42.9,40.65,42.5
2020-09-21,42.7,42.7,40.5,40.5
2020-09-22,40.3,42.75,40.25,42.35
2020-09-23,42,42.35,41.15,41.5
2020-09-24,41.5,42.3,40.2,40.5
2020-09-25,40.5,41,40.2,40.4
2020-09-28,42.9,43.5,41.5,41.7
2020-09-29,43.85,43.85,42.5,42.9
2020-09-30,42.9,42.9,41.2,42
2020-10-01,42.7,43.25,41.5,42
2020-10-02,41.7,41.7,40.5,40.6
2020-10-05,40.55,41.1,39.7,40.25
2020-10-06,41.9,42.45,40.55,40.55
2020-10-07,40.65,41.5,40.05,40.2
2020-10-08,40.25,40.55,39.85,40
2020-10-09,39.95,40.3,39.5,39.9
2020-10-12,41,41,39.95,40
2020-10-13,40.1,40.45,38.85,39.35
2020-10-14,39.05,39.1,38.25,38.25
2020-10-15,38.25,38.35,36.15,36.9
2020-10-16,36.2,37.45,35.45,37.2
2020-10-19,37.2,39.5,36.8,37.25
2020-10-20,37.95,38.15,36.8,37.4
2020-10-21,38.1,38.1,36.15,36.45
2020-10-22,36,36.4,34.35,35.35
2020-10-23,35.8,35.8,34.85,35.3
2020-10-26,35.2,35.2,33.1,33.3
2020-10-27,33.55,34.5,33.3,33.5
2020-10-28,33.5,33.5,32,32.5
2020-10-29,32.6,34.2,31.85,34.2
2020-10-30,34.65,34.7,32.5,33.6
2020-11-02,35.2,36,34.3,34.5
2020-11-03,35.3,35.5,34.3,34.8
2020-11-04,35,35.15,33.55,33.9
2020-11-05,34.05,35,33.2,33.5
