<TICKER>,<DATE>,<CLOSE>
KSG,2011-05-05,22.12
KSG,2011-05-06,22.12
KSG,2011-05-09,22.1
KSG,2011-05-10,21.45
KSG,2011-05-11,20.9
KSG,2011-05-12,21.4
KSG,2011-05-13,21.3
KSG,2011-05-16,21.4
KSG,2011-05-17,21.35
KSG,2011-05-18,21.88
KSG,2011-05-19,21.7
KSG,2011-05-20,22.45
KSG,2011-05-23,22.83
KSG,2011-05-24,22.92
KSG,2011-05-25,23.08
KSG,2011-05-26,23.07
KSG,2011-05-27,25.4
KSG,2011-05-30,26.1
KSG,2011-05-31,27.8
KSG,2011-06-01,27.95
KSG,2011-06-02,27.4
KSG,2011-06-03,26.8
KSG,2011-06-06,26.3
KSG,2011-06-07,26.19
KSG,2011-06-08,25.99
KSG,2011-06-09,25.4
KSG,2011-06-10,25.85
KSG,2011-06-13,25.85
KSG,2011-06-14,25.13
KSG,2011-06-15,23.95
KSG,2011-06-16,22.95
KSG,2011-06-17,23.86
KSG,2011-06-20,23.62
KSG,2011-06-21,23.58
KSG,2011-06-22,23.17
KSG,2011-06-24,22.55
KSG,2011-06-27,21.48
KSG,2011-06-28,21.9
KSG,2011-06-29,22.3
KSG,2011-06-30,22.3
KSG,2011-07-01,22.1
KSG,2011-07-04,22
KSG,2011-07-05,21.8
KSG,2011-07-06,21.5
KSG,2011-07-07,23
KSG,2011-07-08,22.5
KSG,2011-07-11,21.75
KSG,2011-07-12,21.2
KSG,2011-07-13,21.77
KSG,2011-07-14,22.15
KSG,2011-07-15,22.05
KSG,2011-07-18,21.6
KSG,2011-07-19,21.65
KSG,2011-07-20,21.9
KSG,2011-07-21,21.79
KSG,2011-07-22,22.1
KSG,2011-07-25,22
KSG,2011-07-26,21.9
KSG,2011-07-27,22
KSG,2011-07-28,22.15
KSG,2011-07-29,22.05
KSG,2011-08-01,21.6
KSG,2011-08-02,22
KSG,2011-08-03,21
KSG,2011-08-04,20.12
KSG,2011-08-05,19.9
KSG,2011-08-08,18.85
KSG,2011-08-09,18.5
KSG,2011-08-10,17.7
KSG,2011-08-11,17.5
KSG,2011-08-12,18.2
KSG,2011-08-16,20
KSG,2011-08-17,20.05
KSG,2011-08-18,19.62
KSG,2011-08-19,19.6
KSG,2011-08-22,20.3
KSG,2011-08-23,20.7
KSG,2011-08-24,20.5
KSG,2011-08-25,20.79
KSG,2011-08-26,20.98
KSG,2011-08-29,21.85
KSG,2011-08-30,23.2
KSG,2011-08-31,23.4
KSG,2011-09-01,22.5
KSG,2011-09-02,22
KSG,2011-09-05,22.2
KSG,2011-09-06,23
KSG,2011-09-07,23.5
KSG,2011-09-08,23.5
KSG,2011-09-09,22.9
KSG,2011-09-12,22.7
KSG,2011-09-13,23.29
KSG,2011-09-14,23.8
KSG,2011-09-15,24.66
KSG,2011-09-16,25
KSG,2011-09-19,23.98
KSG,2011-09-20,24
KSG,2011-09-21,23.69
KSG,2011-09-22,22.7
KSG,2011-09-23,23
KSG,2011-09-26,22.81
KSG,2011-09-27,23.75
KSG,2011-09-28,24
KSG,2011-09-29,24
KSG,2011-09-30,23.95
KSG,2011-10-03,23
KSG,2011-10-04,22.39
KSG,2011-10-05,23
KSG,2011-10-06,23.35
KSG,2011-10-07,23.35
KSG,2011-10-10,23.19
KSG,2011-10-11,22.89
KSG,2011-10-12,22.6
KSG,2011-10-13,22.59
KSG,2011-10-14,22.53
KSG,2011-10-17,22
KSG,2011-10-18,21.7
KSG,2011-10-19,21.69
KSG,2011-10-20,20.94
KSG,2011-10-21,20.61
KSG,2011-10-24,21
KSG,2011-10-25,21.6
KSG,2011-10-26,21.06
KSG,2011-10-27,21.6
KSG,2011-10-28,21
KSG,2011-10-31,20.85
KSG,2011-11-02,20.5
KSG,2011-11-03,20.4
KSG,2011-11-04,20.14
KSG,2011-11-07,20.5
KSG,2011-11-08,20.15
KSG,2011-11-09,20.4
KSG,2011-11-10,19.65
KSG,2011-11-14,19.8
KSG,2011-11-15,18.88
KSG,2011-11-16,18
KSG,2011-11-17,17.3
KSG,2011-11-18,17.5
KSG,2011-11-21,17
KSG,2011-11-22,16.9
KSG,2011-11-23,17.1
KSG,2011-11-24,17.76
KSG,2011-11-25,18.51
KSG,2011-11-28,19.16
KSG,2011-11-29,19.28
KSG,2011-11-30,18.99
KSG,2011-12-01,18.6
KSG,2011-12-02,19.09
KSG,2011-12-05,19.5
KSG,2011-12-06,19.2
KSG,2011-12-07,18.9
KSG,2011-12-08,18.99
KSG,2011-12-09,19.05
KSG,2011-12-12,18.45
KSG,2011-12-13,19
KSG,2011-12-14,19
KSG,2011-12-15,18.4
KSG,2011-12-16,18.2
KSG,2011-12-19,17.5
KSG,2011-12-20,18
KSG,2011-12-21,18.81
KSG,2011-12-22,19
KSG,2011-12-23,19
KSG,2011-12-27,18.6
KSG,2011-12-28,19.07
KSG,2011-12-29,19.7
KSG,2011-12-30,20.5
KSG,2012-01-02,21.5
KSG,2012-01-03,21.89
KSG,2012-01-04,21.89
KSG,2012-01-05,21.85
KSG,2012-01-09,21.9
KSG,2012-01-10,22
KSG,2012-01-11,21.9
KSG,2012-01-12,21.98
KSG,2012-01-13,21.98
KSG,2012-01-16,21.98
KSG,2012-01-17,21.8
KSG,2012-01-18,21.2
KSG,2012-01-19,21.29
KSG,2012-01-20,21.5
KSG,2012-01-23,22
KSG,2012-01-24,21.3
KSG,2012-01-25,21.3
KSG,2012-01-26,21.8
KSG,2012-01-27,21.6
KSG,2012-01-30,21.9
KSG,2012-01-31,22.9
KSG,2012-02-01,22.99
KSG,2012-02-02,23
KSG,2012-02-03,23.26
KSG,2012-02-06,23.43
KSG,2012-02-07,23.55
KSG,2012-02-08,23.6
KSG,2012-02-09,23.7
KSG,2012-02-10,23.8
KSG,2012-02-13,24.3
KSG,2012-02-14,23.49
KSG,2012-02-15,23.69
KSG,2012-02-16,23.48
KSG,2012-02-17,23.77
KSG,2012-02-20,23.8
KSG,2012-02-21,24.15
KSG,2012-02-22,23.7
KSG,2012-02-23,23.1
KSG,2012-02-24,23.8
KSG,2012-02-27,23.79
KSG,2012-02-28,23.28
KSG,2012-02-29,23.49
KSG,2012-03-01,23
KSG,2012-03-02,23.3
KSG,2012-03-05,23.2
KSG,2012-03-06,23
KSG,2012-03-07,23.36
KSG,2012-03-08,23
KSG,2012-03-09,23.3
KSG,2012-03-12,23.19
KSG,2012-03-13,23
KSG,2012-03-14,22.99
KSG,2012-03-15,22.97
KSG,2012-03-16,23
KSG,2012-03-19,23.25
KSG,2012-03-20,23
KSG,2012-03-21,22.99
KSG,2012-03-22,23
KSG,2012-03-23,22.85
KSG,2012-03-26,23
KSG,2012-03-27,22.67
KSG,2012-03-28,23.09
KSG,2012-03-29,23.2
KSG,2012-03-30,23.3
KSG,2012-04-02,23.19
KSG,2012-04-03,23.1
KSG,2012-04-04,22.1
KSG,2012-04-05,22.5
KSG,2012-04-10,22.77
KSG,2012-04-11,22.77
KSG,2012-04-12,22.6
KSG,2012-04-13,22.6
KSG,2012-04-16,22.09
KSG,2012-04-17,22
KSG,2012-04-18,21.98
KSG,2012-04-19,22
KSG,2012-04-20,21.8
KSG,2012-04-23,21.8
KSG,2012-04-24,22.35
KSG,2012-04-25,22
KSG,2012-04-26,22.09
KSG,2012-04-27,22
KSG,2012-04-30,22.2
KSG,2012-05-02,22.14
KSG,2012-05-04,22.15
KSG,2012-05-07,22.13
KSG,2012-05-08,21
KSG,2012-05-09,20.7
KSG,2012-05-10,20.7
KSG,2012-05-11,20
KSG,2012-05-14,19.5
KSG,2012-05-15,20.89
KSG,2012-05-16,20.33
KSG,2012-05-17,19
KSG,2012-05-18,18.24
KSG,2012-05-21,17.99
KSG,2012-05-22,17.9
KSG,2012-05-23,17.3
KSG,2012-05-24,17
KSG,2012-05-25,18.4
KSG,2012-05-28,18.3
KSG,2012-05-29,18.6
KSG,2012-05-30,18.3
KSG,2012-05-31,18.3
KSG,2012-06-01,17.99
KSG,2012-06-04,17.4
KSG,2012-06-05,16.22
KSG,2012-06-06,16.6
KSG,2012-06-08,17.32
KSG,2012-06-11,16.99
KSG,2012-06-12,16.95
KSG,2012-06-13,17
KSG,2012-06-14,17.48
KSG,2012-06-15,18.3
KSG,2012-06-18,18.7
KSG,2012-06-19,18.99
KSG,2012-06-20,18.93
KSG,2012-06-21,18.58
KSG,2012-06-22,18.39
KSG,2012-06-25,18.3
KSG,2012-06-26,17.98
KSG,2012-06-27,18.29
KSG,2012-06-28,18.1
KSG,2012-06-29,19.2
KSG,2012-07-02,19.04
KSG,2012-07-03,18.45
KSG,2012-07-04,17.54
KSG,2012-07-05,18.5
KSG,2012-07-06,18.49
KSG,2012-07-09,18.5
KSG,2012-07-10,18.47
KSG,2012-07-11,18.35
KSG,2012-07-12,17.52
KSG,2012-07-13,17.9
KSG,2012-07-16,18.08
KSG,2012-07-17,17.99
KSG,2012-07-18,17.43
KSG,2012-07-19,17.49
KSG,2012-07-20,17.11
KSG,2012-07-23,17.35
KSG,2012-07-24,16.99
KSG,2012-07-25,17.41
KSG,2012-07-26,17.38
KSG,2012-07-27,17.4
KSG,2012-07-30,17.2
KSG,2012-07-31,17.5
KSG,2012-08-01,16.7
KSG,2012-08-02,16.7
KSG,2012-08-03,16.7
KSG,2012-08-06,16.3
KSG,2012-08-07,16.6
KSG,2012-08-08,16.8
KSG,2012-08-09,16.66
KSG,2012-08-10,18
KSG,2012-08-13,17.14
KSG,2012-08-14,16.6
KSG,2012-08-16,16.99
KSG,2012-08-17,17.44
KSG,2012-08-20,17.4
KSG,2012-08-21,17.59
KSG,2012-08-22,17.46
KSG,2012-08-23,17.3
KSG,2012-08-24,17
KSG,2012-08-27,17
KSG,2012-08-28,17
KSG,2012-08-29,16.3
KSG,2012-08-30,16.44
KSG,2012-08-31,16.24
KSG,2012-09-03,16.23
KSG,2012-09-04,15
KSG,2012-09-05,14.48
KSG,2012-09-06,15.2
KSG,2012-09-07,15.2
KSG,2012-09-10,15
KSG,2012-09-11,13.29
KSG,2012-09-12,12.6
KSG,2012-09-13,13.34
KSG,2012-09-14,12.69
KSG,2012-09-17,13
KSG,2012-09-18,13.09
KSG,2012-09-19,12.74
KSG,2012-09-20,12.2
KSG,2012-09-21,12.89
KSG,2012-09-24,12.99
KSG,2012-09-25,13.34
KSG,2012-09-26,13.31
KSG,2012-09-27,13.34
KSG,2012-09-28,13.3
KSG,2012-10-01,13.34
KSG,2012-10-02,13.3
KSG,2012-10-03,14.2
KSG,2012-10-04,14
KSG,2012-10-05,14.7
KSG,2012-10-08,14.17
KSG,2012-10-09,14.07
KSG,2012-10-10,14.1
KSG,2012-10-11,14.18
KSG,2012-10-12,14.19
KSG,2012-10-15,14.16
KSG,2012-10-16,13.98
KSG,2012-10-17,13.95
KSG,2012-10-18,13.5
KSG,2012-10-19,13.7
KSG,2012-10-22,13.7
KSG,2012-10-23,13.29
KSG,2012-10-24,13.59
KSG,2012-10-25,13.2
KSG,2012-10-26,13.2
KSG,2012-10-29,12.92
KSG,2012-10-30,12.7
KSG,2012-10-31,12.59
KSG,2012-11-02,12.23
KSG,2012-11-05,12.13
KSG,2012-11-06,11.72
KSG,2012-11-07,11.5
KSG,2012-11-08,11.64
KSG,2012-11-09,11.62
KSG,2012-11-12,11.5
KSG,2012-11-13,11.45
KSG,2012-11-14,11.14
KSG,2012-11-15,11.28
KSG,2012-11-16,10.25
KSG,2012-11-19,9.29
KSG,2012-11-20,8.95
KSG,2012-11-21,9
KSG,2012-11-22,9.65
KSG,2012-11-23,9.87
KSG,2012-11-26,10.2
KSG,2012-11-27,10.7
KSG,2012-11-28,11.16
KSG,2012-11-29,11.04
KSG,2012-11-30,10.9
KSG,2012-12-03,10.5
KSG,2012-12-04,10.95
KSG,2012-12-05,11.1
KSG,2012-12-06,11.2
KSG,2012-12-07,11.25
KSG,2012-12-10,11.5
KSG,2012-12-11,11.5
KSG,2012-12-12,11.5
KSG,2012-12-13,11.5
KSG,2012-12-14,11.65
KSG,2012-12-17,11.15
KSG,2012-12-18,11.12
KSG,2012-12-19,11.35
KSG,2012-12-20,11.35
KSG,2012-12-21,11.2
KSG,2012-12-27,11.39
KSG,2012-12-28,11.6
KSG,2013-01-02,12
KSG,2013-01-03,12.13
KSG,2013-01-04,12.6
KSG,2013-01-07,12.79
KSG,2013-01-08,12.6
KSG,2013-01-09,12.64
KSG,2013-01-10,12.68
KSG,2013-01-11,12.69
KSG,2013-01-14,13
KSG,2013-01-15,12.75
KSG,2013-01-16,12.76
KSG,2013-01-17,13.16
KSG,2013-01-18,13.15
KSG,2013-01-21,13.12
KSG,2013-01-22,13.2
KSG,2013-01-23,13
KSG,2013-01-24,13.12
KSG,2013-01-25,13.34
KSG,2013-01-28,13.2
KSG,2013-01-29,13.12
KSG,2013-01-30,13.1
KSG,2013-01-31,13.3
KSG,2013-02-01,13.34
KSG,2013-02-04,13
KSG,2013-02-05,13.14
KSG,2013-02-06,13.09
KSG,2013-02-07,13
KSG,2013-02-08,13.25
KSG,2013-02-11,12.65
KSG,2013-02-12,12.85
KSG,2013-02-13,12.85
KSG,2013-02-14,12.51
KSG,2013-02-15,12.5
KSG,2013-02-18,12.5
KSG,2013-02-19,12.15
KSG,2013-02-20,12.1
KSG,2013-02-21,11.9
KSG,2013-02-22,11.52
KSG,2013-02-25,11.27
KSG,2013-02-26,10.86
KSG,2013-02-27,10.89
KSG,2013-02-28,10.6
KSG,2013-03-01,10
KSG,2013-03-04,9.68
KSG,2013-03-05,9.99
KSG,2013-03-06,10.38
KSG,2013-03-07,11.26
KSG,2013-03-08,11.65
KSG,2013-03-11,12
KSG,2013-03-12,11.93
KSG,2013-03-13,12.07
KSG,2013-03-14,12.64
KSG,2013-03-15,12.58
KSG,2013-03-18,12.14
KSG,2013-03-19,12.25
KSG,2013-03-20,11.85
KSG,2013-03-21,11.7
KSG,2013-03-22,11.99
KSG,2013-03-25,12.05
KSG,2013-03-26,12.2
KSG,2013-03-27,13.17
KSG,2013-03-28,12.8
KSG,2013-04-02,12.57
KSG,2013-04-03,12.51
KSG,2013-04-04,12.6
KSG,2013-04-05,12.79
KSG,2013-04-08,12.98
KSG,2013-04-09,12.98
KSG,2013-04-10,12.9
KSG,2013-04-11,12.85
KSG,2013-04-12,12.29
KSG,2013-04-15,12
KSG,2013-04-17,10.35
KSG,2013-04-18,9.9
KSG,2013-04-19,9.3
KSG,2013-04-22,9.3
KSG,2013-04-23,9.17
KSG,2013-04-24,8.78
KSG,2013-04-25,8.99
KSG,2013-04-26,9.16
KSG,2013-04-29,9
KSG,2013-04-30,9
KSG,2013-05-02,9
KSG,2013-05-06,9
KSG,2013-05-07,9
KSG,2013-05-08,9.48
KSG,2013-05-09,9.24
KSG,2013-05-10,9.13
KSG,2013-05-13,8.73
KSG,2013-05-14,8.68
KSG,2013-05-15,8.82
KSG,2013-05-16,8.54
KSG,2013-05-17,8.75
KSG,2013-05-20,9.11
KSG,2013-05-21,8.99
KSG,2013-05-22,8.8
KSG,2013-05-23,8.79
KSG,2013-05-24,8.62
KSG,2013-05-27,8.6
KSG,2013-05-28,8.55
KSG,2013-05-29,8.37
KSG,2013-05-31,8.21
KSG,2013-06-03,8.3
KSG,2013-06-04,8.24
KSG,2013-06-05,8.25
KSG,2013-06-06,8.1
KSG,2013-06-07,8.09
KSG,2013-06-10,8.17
KSG,2013-06-11,10.19
KSG,2013-06-12,11
KSG,2013-06-13,11.2
KSG,2013-06-14,11.17
KSG,2013-06-17,11.13
KSG,2013-06-18,11
KSG,2013-06-19,10.75
KSG,2013-06-20,10.81
KSG,2013-06-21,11.05
KSG,2013-06-24,11.3
KSG,2013-06-25,11.36
KSG,2013-06-26,10.89
KSG,2013-06-27,11.01
KSG,2013-06-28,11.2
KSG,2013-07-01,11.34
KSG,2013-07-02,12.13
KSG,2013-07-03,12.15
KSG,2013-07-04,12.68
KSG,2013-07-05,12.7
KSG,2013-07-08,12.74
KSG,2013-07-09,12.68
KSG,2013-07-10,12.6
KSG,2013-07-11,12.44
KSG,2013-07-12,12.59
KSG,2013-07-15,12.2
KSG,2013-07-16,11.65
KSG,2013-07-17,11.2
KSG,2013-07-18,11.28
KSG,2013-07-19,11.24
KSG,2013-07-22,11.75
KSG,2013-07-23,11.75
KSG,2013-07-24,11.79
KSG,2013-07-25,11.6
KSG,2013-07-26,11.25
KSG,2013-07-29,11.2
KSG,2013-07-30,11.1
KSG,2013-07-31,11.6
KSG,2013-08-01,11.3
KSG,2013-08-02,11.3
KSG,2013-08-05,11.3
KSG,2013-08-06,11.31
KSG,2013-08-07,12.18
KSG,2013-08-08,12.31
KSG,2013-08-09,12.34
KSG,2013-08-12,12.2
KSG,2013-08-13,11.9
KSG,2013-08-14,12.05
KSG,2013-08-16,12.3
KSG,2013-08-19,12.24
KSG,2013-08-20,12.19
KSG,2013-08-21,12.29
KSG,2013-08-22,12.15
KSG,2013-08-23,12.25
KSG,2013-08-26,11.5
KSG,2013-08-27,11.4
KSG,2013-08-28,11.25
KSG,2013-08-29,11.08
KSG,2013-08-30,10.36
KSG,2013-09-02,10.16
KSG,2013-09-03,10
KSG,2013-09-04,10.3
KSG,2013-09-05,10
KSG,2013-09-06,10
KSG,2013-09-09,10
KSG,2013-09-10,10.14
KSG,2013-09-11,10.27
KSG,2013-09-12,10.59
KSG,2013-09-13,10.53
KSG,2013-09-16,10.28
KSG,2013-09-17,10.15
KSG,2013-09-18,10.7
KSG,2013-09-19,10.7
KSG,2013-09-20,11.2
KSG,2013-09-23,11.4
KSG,2013-09-24,11.49
KSG,2013-09-25,11.95
KSG,2013-09-26,12.6
KSG,2013-09-27,12.49
KSG,2013-09-30,12.9
KSG,2013-10-01,12.44
KSG,2013-10-02,12.4
KSG,2013-10-03,12.49
KSG,2013-10-04,12.16
KSG,2013-10-07,12.16
KSG,2013-10-08,12
KSG,2013-10-09,12
KSG,2013-10-10,12.09
KSG,2013-10-11,12.1
KSG,2013-10-14,12.09
KSG,2013-10-15,12.09
KSG,2013-10-16,12.07
KSG,2013-10-17,12.04
KSG,2013-10-18,12
KSG,2013-10-21,11.95
KSG,2013-10-22,12.15
KSG,2013-10-23,11.74
KSG,2013-10-24,12
KSG,2013-10-25,12
KSG,2013-10-28,12
KSG,2013-10-29,11.99
KSG,2013-10-30,12
KSG,2013-10-31,11.83
KSG,2013-11-04,11.57
KSG,2013-11-05,11.71
KSG,2013-11-06,11.74
KSG,2013-11-07,11.6
KSG,2013-11-08,11.38
KSG,2013-11-12,11.6
KSG,2013-11-13,11.59
KSG,2013-11-14,11.5
KSG,2013-11-15,11.49
KSG,2013-11-18,12.25
KSG,2013-11-19,12.38
KSG,2013-11-20,12
KSG,2013-11-21,11.9
KSG,2013-11-22,11.7
KSG,2013-11-25,11.77
KSG,2013-11-26,11.5
KSG,2013-11-27,10.91
KSG,2013-11-28,11.49
KSG,2013-11-29,11.3
KSG,2013-12-02,11
KSG,2013-12-03,10.4
KSG,2013-12-04,10.4
KSG,2013-12-05,10.27
KSG,2013-12-06,10.2
KSG,2013-12-09,9.99
KSG,2013-12-10,10
KSG,2013-12-11,9.9
KSG,2013-12-12,9.9
KSG,2013-12-13,9.66
KSG,2013-12-16,9.84
KSG,2013-12-17,9.9
KSG,2013-12-18,10.22
KSG,2013-12-19,10.38
KSG,2013-12-20,10.35
KSG,2013-12-23,10.71
KSG,2013-12-27,11.11
KSG,2013-12-30,10.85
KSG,2014-01-02,10.8
KSG,2014-01-03,10.6
KSG,2014-01-07,10.59
KSG,2014-01-08,10.69
KSG,2014-01-09,10.7
KSG,2014-01-10,10.6
KSG,2014-01-13,10.21
KSG,2014-01-14,10.02
KSG,2014-01-15,10.35
KSG,2014-01-16,10.44
KSG,2014-01-17,10.48
KSG,2014-01-20,10.19
KSG,2014-01-21,10.4
KSG,2014-01-22,10.02
KSG,2014-01-23,9.55
KSG,2014-01-24,9.48
KSG,2014-01-27,9.5
KSG,2014-01-28,9.31
KSG,2014-01-29,8.86
KSG,2014-01-30,9
KSG,2014-01-31,9
KSG,2014-02-03,8.98
KSG,2014-02-04,8.78
KSG,2014-02-05,8.98
KSG,2014-02-06,9
KSG,2014-02-07,8.75
KSG,2014-02-10,8.7
KSG,2014-02-11,8
KSG,2014-02-12,7.97
KSG,2014-02-13,7.55
KSG,2014-02-14,7.62
KSG,2014-02-17,7.96
KSG,2014-02-18,8.3
KSG,2014-02-19,7.96
KSG,2014-02-20,7.7
KSG,2014-02-21,7.91
KSG,2014-02-24,7.98
KSG,2014-02-25,8.6
KSG,2014-02-26,8.39
KSG,2014-02-27,8.2
KSG,2014-02-28,8.05
KSG,2014-03-03,6.18
KSG,2014-03-04,6.67
KSG,2014-03-05,6.65
KSG,2014-03-06,6.8
KSG,2014-03-07,6.27
KSG,2014-03-10,6.1
KSG,2014-03-11,5.87
KSG,2014-03-12,5.76
KSG,2014-03-13,5.85
KSG,2014-03-14,5.48
KSG,2014-03-17,5.55
KSG,2014-03-18,5.78
KSG,2014-03-19,5.65
KSG,2014-03-20,5.59
KSG,2014-03-21,5.66
KSG,2014-03-24,5.61
KSG,2014-03-25,5.91
KSG,2014-03-26,5.95
KSG,2014-03-27,5.85
KSG,2014-03-28,5.9
KSG,2014-03-31,5.89
KSG,2014-04-01,5.99
KSG,2014-04-02,5.99
KSG,2014-04-03,5.99
KSG,2014-04-04,5.85
KSG,2014-04-07,5.28
KSG,2014-04-08,5.06
KSG,2014-04-09,5.22
KSG,2014-04-10,5.05
KSG,2014-04-11,5.15
KSG,2014-04-14,5
KSG,2014-04-15,4.87
KSG,2014-04-16,4.52
KSG,2014-04-17,4.85
KSG,2014-04-22,5.14
KSG,2014-04-23,4.86
KSG,2014-04-24,4.89
KSG,2014-04-25,4.75
KSG,2014-04-28,4.95
KSG,2014-04-29,4.95
KSG,2014-04-30,4.8
KSG,2014-05-02,4.53
KSG,2014-08-26,3
KSG,2014-08-27,1.45
KSG,2014-08-28,0.86
KSG,2014-08-29,0.38
KSG,2014-09-01,0.52
KSG,2014-09-02,0.49
KSG,2014-09-03,0.72
KSG,2014-09-04,0.91
KSG,2014-09-05,1.25
KSG,2014-09-08,1.69
KSG,2014-09-09,1.65
KSG,2014-09-10,1.61
KSG,2014-09-11,1.41
KSG,2014-09-12,1.55
KSG,2014-09-15,1.5
KSG,2014-09-16,1.45
KSG,2014-09-17,1.38
KSG,2014-09-18,1.29
KSG,2014-09-19,1.41
KSG,2014-09-22,1.5
KSG,2014-09-23,1.43
KSG,2014-09-24,1.39
KSG,2014-09-25,1.3
KSG,2014-09-26,1.29
KSG,2014-09-29,1.28
KSG,2014-09-30,1.2
KSG,2014-10-01,1.18
KSG,2014-10-02,1.15
KSG,2014-10-03,1.3
KSG,2014-10-06,1.23
KSG,2014-10-07,1.19
KSG,2014-10-08,1.19
KSG,2014-10-09,1.19
KSG,2014-10-10,1.16
KSG,2014-10-13,1.19
KSG,2014-10-14,1.19
KSG,2014-10-15,1.18
KSG,2014-10-16,1.15
KSG,2014-10-17,1.12
KSG,2014-10-20,1.12
KSG,2014-10-21,1.01
KSG,2014-10-22,1.04
KSG,2014-10-23,1.04
KSG,2014-10-24,1.08
KSG,2014-10-27,1.43
KSG,2014-10-28,1.43
KSG,2014-10-29,1.3
KSG,2014-10-30,1.24
KSG,2014-10-31,1.31
KSG,2014-11-03,1.29
KSG,2014-11-04,1.25
KSG,2014-11-05,1.21
KSG,2014-11-06,1.2
KSG,2014-11-07,1.2
KSG,2014-11-10,1.19
KSG,2014-11-12,1.23
KSG,2014-11-13,1.2
KSG,2014-11-14,1.21
KSG,2014-11-17,1.24
KSG,2014-11-18,1.39
KSG,2014-11-19,1.28
KSG,2014-11-20,1.29
KSG,2014-11-21,1.25
KSG,2014-11-24,1.2
KSG,2014-11-25,1.21
KSG,2014-11-26,1.26
KSG,2014-11-27,1.22
KSG,2014-11-28,1.19
KSG,2014-12-01,1.18
KSG,2014-12-02,1.25
KSG,2014-12-03,1.2
KSG,2014-12-04,1.2
KSG,2014-12-05,1.23
KSG,2014-12-08,1.19
KSG,2014-12-09,1.2
KSG,2014-12-10,1.19
KSG,2014-12-11,1.18
KSG,2014-12-12,1.22
KSG,2014-12-15,1.16
KSG,2014-12-16,1.09
KSG,2014-12-17,1.15
KSG,2014-12-18,1.16
KSG,2014-12-19,1.09
KSG,2014-12-22,1.08
KSG,2014-12-23,1.07
KSG,2014-12-29,1.1
KSG,2014-12-30,1.12
KSG,2015-01-02,1.12
KSG,2015-01-05,1.11
KSG,2015-01-07,1.06
KSG,2015-01-08,1.07
KSG,2015-01-09,1.14
KSG,2015-01-12,1.23
KSG,2015-01-13,1.19
KSG,2015-01-14,1.18
KSG,2015-01-15,1.16
KSG,2015-01-16,1.16
KSG,2015-01-19,1.15
KSG,2015-01-20,1.12
KSG,2015-01-21,1.1
KSG,2015-01-22,1.12
KSG,2015-01-23,1.07
KSG,2015-01-26,1.07
KSG,2015-01-27,1.04
KSG,2015-01-28,1.05
KSG,2015-01-29,1.08
KSG,2015-01-30,1.11
KSG,2015-02-02,1.08
KSG,2015-02-03,1.06
KSG,2015-02-04,1.03
KSG,2015-02-05,1.06
KSG,2015-02-06,1.11
KSG,2015-02-09,1.17
KSG,2015-02-10,1.09
KSG,2015-02-11,1.09
KSG,2015-02-12,1.16
KSG,2015-02-13,1.13
KSG,2015-02-16,1.15
KSG,2015-02-17,1.13
KSG,2015-02-18,1.1
KSG,2015-02-19,1.1
KSG,2015-02-20,1.13
KSG,2015-02-23,1.11
KSG,2015-02-24,1.13
KSG,2015-02-25,1.13
KSG,2015-02-26,1.09
KSG,2015-02-27,1.08
KSG,2015-03-02,1.08
KSG,2015-03-03,1.06
KSG,2015-03-04,1.05
KSG,2015-03-05,1.09
KSG,2015-03-06,1.07
KSG,2015-03-09,1.09
KSG,2015-03-10,1.06
KSG,2015-03-11,1.05
KSG,2015-03-12,1.07
KSG,2015-03-13,1.07
KSG,2015-03-16,1.02
KSG,2015-03-17,1.03
KSG,2015-03-18,1.05
KSG,2015-03-19,1.04
KSG,2015-03-20,1.04
KSG,2015-03-23,1.05
KSG,2015-03-24,1.05
KSG,2015-03-25,1.04
KSG,2015-03-26,0.95
KSG,2015-03-27,0.93
KSG,2015-03-30,0.89
KSG,2015-03-31,0.89
KSG,2015-04-01,0.9
KSG,2015-04-02,0.89
KSG,2015-04-07,0.81
KSG,2015-04-08,0.8
KSG,2015-04-09,0.84
KSG,2015-04-10,0.82
KSG,2015-04-13,0.85
KSG,2015-04-14,0.89
KSG,2015-04-15,0.85
KSG,2015-04-16,0.89
KSG,2015-04-17,0.88
KSG,2015-04-20,0.88
KSG,2015-04-21,0.83
KSG,2015-04-22,0.86
KSG,2015-04-23,0.86
KSG,2015-04-24,0.82
KSG,2015-04-27,0.8
KSG,2015-04-28,0.8
KSG,2015-04-29,0.8
KSG,2015-04-30,0.79
KSG,2015-05-04,0.8
KSG,2015-05-05,0.79
KSG,2015-05-06,0.82
KSG,2015-05-07,0.8
KSG,2015-05-08,0.82
KSG,2015-05-11,0.83
KSG,2015-05-12,0.79
KSG,2015-05-13,0.8
KSG,2015-05-14,0.8
KSG,2015-05-15,0.79
KSG,2015-05-18,0.8
KSG,2015-05-19,0.77
KSG,2015-05-20,0.74
KSG,2015-05-21,0.72
KSG,2015-05-22,0.77
KSG,2015-05-25,0.76
KSG,2015-05-26,0.75
KSG,2015-05-27,0.72
KSG,2015-05-28,0.65
KSG,2015-05-29,0.65
KSG,2015-06-01,0.65
KSG,2015-06-02,0.6
KSG,2015-06-03,0.63
KSG,2015-06-05,0.67
KSG,2015-06-08,0.67
KSG,2015-06-09,0.67
KSG,2015-06-10,0.65
KSG,2015-06-11,0.65
KSG,2015-06-12,0.61
KSG,2015-06-15,0.65
KSG,2015-06-16,0.61
KSG,2015-06-17,0.65
KSG,2015-06-19,0.65
KSG,2015-06-23,0.65
KSG,2015-06-26,0.65
KSG,2015-06-29,0.64
KSG,2015-06-30,0.64
KSG,2015-07-01,0.64
KSG,2015-07-03,0.62
KSG,2015-07-06,0.6
KSG,2015-07-07,0.63
KSG,2015-07-08,0.58
KSG,2015-07-09,0.59
KSG,2015-07-10,0.6
KSG,2015-07-13,0.62
KSG,2015-07-14,0.65
KSG,2015-07-15,0.64
KSG,2015-07-16,0.64
KSG,2015-07-17,0.69
KSG,2015-07-20,0.62
KSG,2015-07-21,0.6
KSG,2015-07-22,0.65
KSG,2015-07-23,0.75
KSG,2015-07-24,1.02
KSG,2015-07-27,0.99
KSG,2015-07-28,0.97
KSG,2015-07-29,0.91
KSG,2015-07-30,1
KSG,2015-07-31,0.97
KSG,2015-08-03,0.98
KSG,2015-08-04,1.21
KSG,2015-08-05,1.32
KSG,2015-08-06,1.27
KSG,2015-08-07,1.23
KSG,2015-08-10,1.19
KSG,2015-08-11,1.1
KSG,2015-08-12,1.04
KSG,2015-08-13,1.14
KSG,2015-08-14,1.15
KSG,2015-08-17,1.13
KSG,2015-08-18,1.11
KSG,2015-08-19,1.14
KSG,2015-08-20,1.08
KSG,2015-08-21,1.03
KSG,2015-08-24,0.85
KSG,2015-08-25,0.88
KSG,2015-08-26,0.86
KSG,2015-08-27,0.94
KSG,2015-08-28,1.03
KSG,2015-08-31,1.01
KSG,2015-09-01,0.98
KSG,2015-09-02,1.02
KSG,2015-09-03,1
KSG,2015-09-04,0.98
KSG,2015-09-07,1.05
KSG,2015-09-08,0.98
KSG,2015-09-09,1
KSG,2015-09-10,1
KSG,2015-09-11,0.98
KSG,2015-09-14,0.94
KSG,2015-09-15,0.94
KSG,2015-09-16,1.03
KSG,2015-09-17,1.03
KSG,2015-09-18,1.02
KSG,2015-09-21,1
KSG,2015-09-22,0.99
KSG,2015-09-23,0.99
KSG,2015-09-24,0.96
KSG,2015-09-25,0.96
KSG,2015-09-28,0.96
KSG,2015-09-29,0.98
KSG,2015-09-30,0.94
KSG,2015-10-01,0.95
KSG,2015-10-02,0.95
KSG,2015-10-05,0.98
KSG,2015-10-06,0.99
KSG,2015-10-07,0.98
KSG,2015-10-08,1.19
KSG,2015-10-09,1.17
KSG,2015-10-12,1.08
KSG,2015-10-13,1.1
KSG,2015-10-14,1.04
KSG,2015-10-15,1.23
KSG,2015-10-16,1.26
KSG,2015-10-19,1.22
KSG,2015-10-20,1.23
KSG,2015-10-21,1.23
KSG,2015-10-22,1.23
KSG,2015-10-23,1.2
KSG,2015-10-26,1.19
KSG,2015-10-27,1.12
KSG,2015-10-28,1.08
KSG,2015-10-29,1.11
KSG,2015-10-30,1.12
KSG,2015-11-02,1.04
KSG,2015-11-03,1.1
KSG,2015-11-04,1.11
KSG,2015-11-05,1.03
KSG,2015-11-06,1.05
KSG,2015-11-09,1.02
KSG,2015-11-10,1
KSG,2015-11-12,0.94
KSG,2015-11-13,0.95
KSG,2015-11-16,1.1
KSG,2015-11-17,1.08
KSG,2015-11-18,1.04
KSG,2015-11-19,1.01
KSG,2015-11-20,1.03
KSG,2015-11-23,1
KSG,2015-11-24,0.99
KSG,2015-11-25,1
KSG,2015-11-26,0.96
KSG,2015-11-27,0.99
KSG,2015-11-30,1.03
KSG,2015-12-01,0.98
KSG,2015-12-02,1.02
KSG,2015-12-03,1.03
KSG,2015-12-04,0.97
KSG,2015-12-07,0.97
KSG,2015-12-08,0.96
KSG,2015-12-09,0.99
KSG,2015-12-10,0.98
KSG,2015-12-11,0.97
KSG,2015-12-14,0.98
KSG,2015-12-15,0.99
KSG,2015-12-16,1.02
KSG,2015-12-17,0.98
KSG,2015-12-18,0.98
KSG,2015-12-21,0.93
KSG,2015-12-22,0.92
KSG,2015-12-23,0.93
KSG,2015-12-28,0.91
KSG,2015-12-29,0.91
KSG,2015-12-30,0.93
KSG,2016-01-04,0.92
KSG,2016-01-05,0.92
KSG,2016-01-07,0.9
KSG,2016-01-08,0.9
KSG,2016-01-11,0.94
KSG,2016-01-12,0.91
KSG,2016-01-13,0.93
KSG,2016-01-14,0.93
KSG,2016-01-15,0.91
KSG,2016-01-18,0.86
KSG,2016-01-20,0.9
KSG,2016-01-21,0.89
KSG,2016-01-22,0.88
KSG,2016-01-26,0.88
KSG,2016-01-27,0.88
KSG,2016-01-28,0.8
KSG,2016-01-29,0.83
KSG,2016-02-01,0.83
KSG,2016-02-02,0.84
KSG,2016-02-03,0.83
KSG,2016-02-04,0.84
KSG,2016-02-05,0.8
KSG,2016-02-08,0.8
KSG,2016-02-09,0.79
KSG,2016-02-10,0.9
KSG,2016-02-11,0.92
KSG,2016-02-12,0.96
KSG,2016-02-15,0.91
KSG,2016-02-16,0.9
KSG,2016-02-17,0.89
KSG,2016-02-18,0.92
KSG,2016-02-19,0.9
KSG,2016-02-22,0.9
KSG,2016-02-23,0.91
KSG,2016-02-24,0.93
KSG,2016-02-25,0.9
KSG,2016-02-26,0.93
KSG,2016-02-29,0.91
KSG,2016-03-01,0.9
KSG,2016-03-02,0.85
KSG,2016-03-03,0.86
KSG,2016-03-04,0.89
KSG,2016-03-08,0.91
KSG,2016-03-09,0.93
KSG,2016-03-10,0.92
KSG,2016-03-11,0.97
KSG,2016-03-14,1.06
KSG,2016-03-15,1.06
KSG,2016-03-16,1.04
KSG,2016-03-17,0.96
KSG,2016-03-18,1
KSG,2016-03-21,0.93
KSG,2016-03-22,0.96
KSG,2016-03-23,1.03
KSG,2016-03-24,1.04
KSG,2016-03-29,1.07
KSG,2016-03-30,1.06
KSG,2016-03-31,1.02
KSG,2016-04-01,1.24
KSG,2016-04-04,1.24
KSG,2016-04-05,1.21
KSG,2016-04-06,1.23
KSG,2016-04-07,1.36
KSG,2016-04-08,1.5
KSG,2016-04-11,1.47
KSG,2016-04-12,1.48
KSG,2016-04-13,1.47
KSG,2016-04-14,1.49
KSG,2016-04-15,1.46
KSG,2016-04-18,1.44
KSG,2016-04-19,1.49
KSG,2016-04-20,1.49
KSG,2016-04-21,1.51
KSG,2016-04-22,1.49
KSG,2016-04-25,1.48
KSG,2016-04-26,1.47
KSG,2016-04-27,1.4
KSG,2016-04-28,1.42
KSG,2016-04-29,1.43
KSG,2016-05-02,1.45
KSG,2016-05-04,1.48
KSG,2016-05-05,1.47
KSG,2016-05-06,1.45
KSG,2016-05-09,1.43
KSG,2016-05-10,1.41
KSG,2016-05-11,1.41
KSG,2016-05-12,1.4
KSG,2016-05-13,1.39
KSG,2016-05-16,1.38
KSG,2016-05-17,1.36
KSG,2016-05-18,1.32
KSG,2016-05-19,1.31
KSG,2016-05-20,1.35
KSG,2016-05-23,1.36
KSG,2016-05-24,1.31
KSG,2016-05-25,1.31
KSG,2016-05-27,1.3
KSG,2016-05-30,1.37
KSG,2016-05-31,1.73
KSG,2016-06-01,1.67
KSG,2016-06-02,1.71
KSG,2016-06-03,1.69
KSG,2016-06-06,1.54
KSG,2016-06-07,1.56
KSG,2016-06-08,1.73
KSG,2016-06-09,1.7
KSG,2016-06-10,1.67
KSG,2016-06-13,1.62
KSG,2016-06-14,1.6
KSG,2016-06-15,1.54
KSG,2016-06-16,1.49
KSG,2016-06-17,1.49
KSG,2016-06-20,1.56
KSG,2016-06-21,1.58
KSG,2016-06-22,1.58
KSG,2016-06-23,1.56
KSG,2016-06-24,1.49
KSG,2016-06-27,1.5
KSG,2016-06-28,1.47
KSG,2016-06-29,1.57
KSG,2016-06-30,1.54
KSG,2016-07-01,1.56
KSG,2016-07-04,1.56
KSG,2016-07-05,1.56
KSG,2016-07-06,1.57
KSG,2016-07-07,1.57
KSG,2016-07-08,1.51
KSG,2016-07-11,1.63
KSG,2016-07-12,1.63
KSG,2016-07-13,1.67
KSG,2016-07-14,1.61
KSG,2016-07-15,1.68
KSG,2016-07-18,1.68
KSG,2016-07-19,1.67
KSG,2016-07-20,1.7
KSG,2016-07-21,1.7
KSG,2016-07-22,1.7
KSG,2016-07-25,1.84
KSG,2016-07-26,1.83
KSG,2016-07-27,2.12
KSG,2016-07-28,2.11
KSG,2016-07-29,2.09
KSG,2016-08-01,2.07
KSG,2016-08-02,1.98
KSG,2016-08-03,1.88
KSG,2016-08-04,1.91
KSG,2016-08-05,1.99
KSG,2016-08-08,2.05
KSG,2016-08-09,2.03
KSG,2016-08-10,2.01
KSG,2016-08-11,1.74
KSG,2016-08-12,1.69
KSG,2016-08-16,1.77
KSG,2016-08-17,1.76
KSG,2016-08-18,1.72
KSG,2016-08-19,1.72
KSG,2016-08-22,2.08
KSG,2016-08-23,1.98
KSG,2016-08-24,1.93
KSG,2016-08-25,1.96
KSG,2016-08-26,1.92
KSG,2016-08-29,2.04
KSG,2016-08-30,2.03
KSG,2016-08-31,2.07
KSG,2016-09-01,1.9
KSG,2016-09-02,1.98
KSG,2016-09-05,1.98
KSG,2016-09-06,1.97
KSG,2016-09-07,1.98
KSG,2016-09-08,1.94
KSG,2016-09-09,1.9
KSG,2016-09-12,1.93
KSG,2016-09-13,1.9
KSG,2016-09-14,1.94
KSG,2016-09-15,2.04
KSG,2016-09-16,2.13
KSG,2016-09-19,2.1
KSG,2016-09-20,2.05
KSG,2016-09-21,2.03
KSG,2016-09-22,2.02
KSG,2016-09-23,2.06
KSG,2016-09-26,2.03
KSG,2016-09-27,2.03
KSG,2016-09-28,2
KSG,2016-09-29,1.91
KSG,2016-09-30,1.95
KSG,2016-10-03,1.97
KSG,2016-10-04,1.95
KSG,2016-10-05,1.9
KSG,2016-10-06,1.96
KSG,2016-10-07,1.97
KSG,2016-10-10,1.97
KSG,2016-10-11,1.96
KSG,2016-10-12,1.93
KSG,2016-10-13,1.94
KSG,2016-10-14,1.88
KSG,2016-10-17,1.92
KSG,2016-10-18,1.9
KSG,2016-10-19,1.83
KSG,2016-10-20,1.85
KSG,2016-10-21,1.85
KSG,2016-10-24,1.93
KSG,2016-10-25,1.9
KSG,2016-10-26,1.87
KSG,2016-10-27,1.96
KSG,2016-10-28,1.99
KSG,2016-10-31,1.99
KSG,2016-11-02,1.96
KSG,2016-11-03,2.01
KSG,2016-11-04,2.15
KSG,2016-11-07,2.2
KSG,2016-11-08,2.34
KSG,2016-11-09,2.33
KSG,2016-11-10,2.39
KSG,2016-11-14,2.55
KSG,2016-11-15,2.24
KSG,2016-11-16,2.2
KSG,2016-11-17,2.09
KSG,2016-11-18,2.07
KSG,2016-11-21,2.15
KSG,2016-11-22,2.18
KSG,2016-11-23,2.2
KSG,2016-11-24,2.2
KSG,2016-11-25,2.16
KSG,2016-11-28,2.14
KSG,2016-11-29,2.14
KSG,2016-11-30,2.04
KSG,2016-12-01,2
KSG,2016-12-02,2.04
KSG,2016-12-05,2.01
KSG,2016-12-06,2.05
KSG,2016-12-07,2.05
KSG,2016-12-08,2.05
KSG,2016-12-09,2.23
KSG,2016-12-12,2.22
KSG,2016-12-13,2.27
KSG,2016-12-14,2.16
KSG,2016-12-15,2.02
KSG,2016-12-16,2.1
KSG,2016-12-19,2.09
KSG,2016-12-20,2.08
KSG,2016-12-21,2.06
KSG,2016-12-22,2.09
KSG,2016-12-23,2.09
KSG,2016-12-27,2.08
KSG,2016-12-28,2.03
KSG,2016-12-29,2.06
KSG,2016-12-30,2.06
KSG,2017-01-02,2.2
KSG,2017-01-03,2.22
KSG,2017-01-04,2.2
KSG,2017-01-05,2.3
KSG,2017-01-09,2.49
KSG,2017-01-10,2.46
KSG,2017-01-11,2.44
KSG,2017-01-12,2.38
KSG,2017-01-13,2.3
KSG,2017-01-16,2.5
KSG,2017-01-17,2.75
KSG,2017-01-18,2.67
KSG,2017-01-19,2.79
KSG,2017-01-20,2.93
KSG,2017-01-23,2.98
KSG,2017-01-24,2.96
KSG,2017-01-25,2.88
KSG,2017-01-26,2.89
KSG,2017-01-27,2.94
KSG,2017-01-30,2.88
KSG,2017-01-31,2.8
KSG,2017-02-01,2.77
KSG,2017-02-02,2.66
KSG,2017-02-03,2.55
KSG,2017-02-06,2.72
KSG,2017-02-07,2.89
KSG,2017-02-08,2.81
KSG,2017-02-09,2.84
KSG,2017-02-10,2.84
KSG,2017-02-13,2.81
KSG,2017-02-14,2.9
KSG,2017-02-15,3.1
KSG,2017-02-16,3.16
KSG,2017-02-17,3.37
KSG,2017-02-20,3.37
KSG,2017-02-21,3.25
KSG,2017-02-22,3.16
KSG,2017-02-23,3.11
KSG,2017-02-24,3.11
KSG,2017-02-27,3.12
KSG,2017-02-28,3.13
KSG,2017-03-01,3.13
KSG,2017-03-02,3.09
KSG,2017-03-03,2.99
KSG,2017-03-06,2.9
KSG,2017-03-07,2.86
KSG,2017-03-08,2.7
KSG,2017-03-09,2.75
KSG,2017-03-10,2.83
KSG,2017-03-13,2.83
KSG,2017-03-14,2.81
KSG,2017-03-15,2.65
KSG,2017-03-16,2.78
KSG,2017-03-17,2.87
KSG,2017-03-20,2.86
KSG,2017-03-21,2.86
KSG,2017-03-22,2.78
KSG,2017-03-23,2.72
KSG,2017-03-24,2.8
KSG,2017-03-27,2.86
KSG,2017-03-28,2.9
KSG,2017-03-29,2.88
KSG,2017-03-30,2.84
KSG,2017-03-31,2.78
KSG,2017-04-03,2.73
KSG,2017-04-04,2.71
KSG,2017-04-05,2.71
KSG,2017-04-06,2.71
KSG,2017-04-07,2.78
KSG,2017-04-10,2.78
KSG,2017-04-11,2.83
KSG,2017-04-12,2.89
KSG,2017-04-13,3.03
KSG,2017-04-18,3.04
KSG,2017-04-19,3.05
KSG,2017-04-20,2.96
KSG,2017-04-21,2.92
KSG,2017-04-24,2.86
KSG,2017-04-25,2.86
KSG,2017-04-26,3
KSG,2017-04-27,2.99
KSG,2017-04-28,3.05
KSG,2017-05-02,3.3
KSG,2017-05-04,3.15
KSG,2017-05-05,3.1
KSG,2017-05-08,3.15
KSG,2017-05-09,3.14
KSG,2017-05-10,3.1
KSG,2017-05-11,3.15
KSG,2017-05-12,3.15
KSG,2017-05-15,3.06
KSG,2017-05-16,3.12
KSG,2017-05-17,2.9
KSG,2017-05-18,2.71
KSG,2017-05-19,2.71
KSG,2017-05-22,2.81
KSG,2017-05-23,2.75
KSG,2017-05-24,2.71
KSG,2017-05-25,2.66
KSG,2017-05-26,2.74
KSG,2017-05-29,2.69
KSG,2017-05-30,2.8
KSG,2017-05-31,2.7
KSG,2017-06-01,2.75
KSG,2017-06-02,2.77
KSG,2017-06-05,2.76
KSG,2017-06-06,2.75
KSG,2017-06-07,2.7
KSG,2017-06-08,2.74
KSG,2017-06-09,2.69
KSG,2017-06-12,2.62
KSG,2017-06-13,2.72
KSG,2017-06-14,2.68
KSG,2017-06-16,2.65
KSG,2017-06-19,2.65
KSG,2017-06-20,2.69
KSG,2017-06-22,2.7
KSG,2017-06-23,2.7
KSG,2017-06-26,2.7
KSG,2017-06-27,2.43
KSG,2017-06-28,2.45
KSG,2017-06-29,2.46
KSG,2017-06-30,2.39
KSG,2017-07-03,2.46
KSG,2017-07-04,2.42
KSG,2017-07-05,2.47
KSG,2017-07-06,2.5
KSG,2017-07-07,2.55
KSG,2017-07-10,2.41
KSG,2017-07-11,2.4
KSG,2017-07-12,2.4
KSG,2017-07-13,2.48
KSG,2017-07-14,2.45
KSG,2017-07-17,2.38
KSG,2017-07-18,2.35
KSG,2017-07-19,2.23
KSG,2017-07-20,2.25
KSG,2017-07-21,2.35
KSG,2017-07-24,2.23
KSG,2017-07-25,2.26
KSG,2017-07-26,2.22
KSG,2017-07-27,2.21
KSG,2017-07-28,2.23
KSG,2017-07-31,2.15
KSG,2017-08-01,2.13
KSG,2017-08-02,2.09
KSG,2017-08-03,2.15
KSG,2017-08-04,2.15
KSG,2017-08-07,2.27
KSG,2017-08-08,2.15
KSG,2017-08-09,2.1
KSG,2017-08-10,2.11
KSG,2017-08-11,2.11
KSG,2017-08-14,2.17
KSG,2017-08-16,2.19
KSG,2017-08-17,2.26
KSG,2017-08-18,2.22
KSG,2017-08-21,2.29
KSG,2017-08-22,2.32
KSG,2017-08-23,2.26
KSG,2017-08-24,2.33
KSG,2017-08-25,2.38
KSG,2017-08-28,2.38
KSG,2017-08-29,2.38
KSG,2017-08-30,2.31
KSG,2017-08-31,2.39
KSG,2017-09-01,2.34
KSG,2017-09-04,2.39
KSG,2017-09-05,2.32
KSG,2017-09-06,2.33
KSG,2017-09-07,2.3
KSG,2017-09-08,2.37
KSG,2017-09-11,2.37
KSG,2017-09-12,2.29
KSG,2017-09-13,2.28
KSG,2017-09-14,2.31
KSG,2017-09-15,2.3
KSG,2017-09-18,2.3
KSG,2017-09-19,2.3
KSG,2017-09-20,2.25
KSG,2017-09-21,2.28
KSG,2017-09-22,2.27
KSG,2017-09-25,2.25
KSG,2017-09-26,2.27
KSG,2017-09-27,2.27
KSG,2017-09-28,2.25
KSG,2017-09-29,2.25
KSG,2017-10-02,2.27
KSG,2017-10-03,2.25
KSG,2017-10-04,2.26
KSG,2017-10-05,2.25
KSG,2017-10-09,2.19
KSG,2017-10-10,2.19
KSG,2017-10-11,2.19
KSG,2017-10-12,2.1
KSG,2017-10-13,2.1
KSG,2017-10-16,2.15
KSG,2017-10-17,2.14
KSG,2017-10-18,2.1
KSG,2017-10-19,2
KSG,2017-10-20,1.99
KSG,2017-10-23,1.99
KSG,2017-10-24,2
KSG,2017-10-25,2.05
KSG,2017-10-26,2.05
KSG,2017-10-27,2.04
KSG,2017-10-30,2.04
KSG,2017-10-31,2.05
KSG,2017-11-02,2.04
KSG,2017-11-03,2.04
KSG,2017-11-06,2.06
KSG,2017-11-07,2.04
KSG,2017-11-08,2.04
KSG,2017-11-10,2.04
KSG,2017-11-13,2.08
KSG,2017-11-14,2.08
KSG,2017-11-15,2.43
KSG,2017-11-16,2.54
KSG,2017-11-17,2.44
KSG,2017-11-20,2.45
KSG,2017-11-21,2.49
KSG,2017-11-22,2.3
KSG,2017-11-23,2.3
KSG,2017-11-24,2.27
KSG,2017-11-27,2.3
KSG,2017-11-28,2.29
KSG,2017-11-29,2.27
KSG,2017-11-30,2.15
KSG,2017-12-01,2.14
KSG,2017-12-04,2.05
KSG,2017-12-05,2.12
KSG,2017-12-06,2.04
KSG,2017-12-07,2.05
KSG,2017-12-08,2.05
KSG,2017-12-11,2.03
KSG,2017-12-12,2.02
KSG,2017-12-13,2.04
KSG,2017-12-14,2
KSG,2017-12-15,2
KSG,2017-12-18,1.96
KSG,2017-12-19,2
KSG,2017-12-20,1.84
KSG,2017-12-21,1.88
KSG,2017-12-22,1.98
KSG,2017-12-27,1.9
KSG,2017-12-28,2.01
KSG,2017-12-29,2.01
KSG,2018-01-03,2.05
KSG,2018-01-04,2
KSG,2018-01-05,2
KSG,2018-01-08,2.06
KSG,2018-01-09,2.06
KSG,2018-01-10,2.06
KSG,2018-01-11,2
KSG,2018-01-12,2.06
KSG,2018-01-15,2.06
KSG,2018-01-16,2.05
KSG,2018-01-17,2.05
KSG,2018-01-18,2
KSG,2018-01-19,2.01
KSG,2018-01-22,2.02
KSG,2018-01-23,2.02
KSG,2018-01-26,2
KSG,2018-01-31,2
KSG,2018-02-02,1.99
KSG,2018-02-05,1.97
KSG,2018-02-06,1.96
KSG,2018-02-07,1.96
KSG,2018-02-09,1.91
KSG,2018-02-12,1.96
KSG,2018-02-13,1.97
KSG,2018-02-14,1.98
KSG,2018-02-15,1.96
KSG,2018-02-16,1.79
KSG,2018-02-19,1.75
KSG,2018-02-20,1.68
KSG,2018-02-21,1.65
KSG,2018-02-22,1.67
KSG,2018-02-23,1.91
KSG,2018-02-26,1.96
KSG,2018-02-27,1.96
KSG,2018-02-28,1.81
KSG,2018-03-01,1.91
KSG,2018-03-02,1.91
KSG,2018-03-05,1.81
KSG,2018-03-06,1.94
KSG,2018-03-07,1.83
KSG,2018-03-08,1.9
KSG,2018-03-09,1.86
KSG,2018-03-12,1.85
KSG,2018-03-13,1.79
KSG,2018-03-14,1.79
KSG,2018-03-15,1.77
KSG,2018-03-16,1.74
KSG,2018-03-19,1.7
KSG,2018-03-20,1.74
KSG,2018-03-21,1.71
KSG,2018-03-22,1.79
KSG,2018-03-23,1.79
KSG,2018-03-26,1.84
KSG,2018-03-29,1.61
KSG,2018-04-03,1.53
KSG,2018-04-04,1.7
KSG,2018-04-05,1.68
KSG,2018-04-06,1.62
KSG,2018-04-09,1.67
KSG,2018-04-10,1.67
KSG,2018-04-11,1.7
KSG,2018-04-12,1.64
KSG,2018-04-13,1.63
KSG,2018-04-16,1.68
KSG,2018-04-17,1.63
KSG,2018-04-18,1.63
KSG,2018-04-19,1.65
KSG,2018-04-20,1.62
KSG,2018-04-23,1.63
KSG,2018-04-24,1.59
KSG,2018-04-25,1.6
KSG,2018-04-26,1.58
KSG,2018-04-27,1.51
KSG,2018-04-30,1.37
KSG,2018-05-02,1.48
KSG,2018-05-04,1.32
KSG,2018-05-07,1.25
KSG,2018-05-08,1.2
KSG,2018-05-09,1.36
KSG,2018-05-10,1.54
KSG,2018-05-11,1.46
KSG,2018-05-14,1.38
KSG,2018-05-15,1.25
KSG,2018-05-16,1.25
KSG,2018-05-17,1.3
KSG,2018-05-18,1.13
KSG,2018-05-21,1.18
KSG,2018-05-22,1.18
KSG,2018-05-23,1.05
KSG,2018-05-24,1.02
KSG,2018-05-25,1.05
KSG,2018-05-28,1.01
KSG,2018-05-29,0.96
KSG,2018-05-30,0.95
KSG,2018-06-01,0.99
KSG,2018-06-04,1.03
KSG,2018-06-05,1.14
KSG,2018-06-06,1.1
KSG,2018-06-07,1.15
KSG,2018-06-08,1.29
KSG,2018-06-11,1.36
KSG,2018-06-12,1.23
KSG,2018-06-13,1
KSG,2018-06-14,1.01
KSG,2018-06-15,1.05
KSG,2018-06-18,1.09
KSG,2018-06-19,1.01
KSG,2018-06-20,0.98
KSG,2018-06-21,0.96
KSG,2018-06-22,1.06
KSG,2018-06-25,1.14
KSG,2018-06-26,1.08
KSG,2018-06-27,1.06
KSG,2018-06-28,1.07
KSG,2018-06-29,1.06
KSG,2018-07-02,1
KSG,2018-07-03,1.02
KSG,2018-07-04,1.08
KSG,2018-07-05,1.04
KSG,2018-07-06,1.06
KSG,2018-07-09,1
KSG,2018-07-10,1.04
KSG,2018-07-11,1.01
KSG,2018-07-12,1.08
KSG,2018-07-13,1.01
KSG,2018-07-16,1.13
KSG,2018-07-17,1.2
KSG,2018-07-18,1.18
KSG,2018-07-19,1.12
KSG,2018-07-20,1.1
KSG,2018-07-23,1.08
KSG,2018-07-24,1.08
KSG,2018-07-25,1.06
KSG,2018-07-26,1.05
KSG,2018-07-27,1.12
KSG,2018-07-30,1.12
KSG,2018-07-31,1.14
KSG,2018-08-02,1.1
KSG,2018-08-03,1.14
KSG,2018-08-06,1.16
KSG,2018-08-07,1.13
KSG,2018-08-08,1.19
KSG,2018-08-09,1.2
KSG,2018-08-10,1.2
KSG,2018-08-13,1.13
KSG,2018-08-14,1.07
KSG,2018-08-16,1.08
KSG,2018-08-17,1.13
KSG,2018-08-20,1.02
KSG,2018-08-21,1.01
KSG,2018-08-22,1.02
KSG,2018-08-23,1.04
KSG,2018-08-24,1
KSG,2018-08-27,1.01
KSG,2018-08-28,1.04
KSG,2018-08-29,0.99
KSG,2018-08-30,1.02
KSG,2018-08-31,0.98
KSG,2018-09-04,0.97
KSG,2018-09-05,0.97
KSG,2018-09-06,0.94
KSG,2018-09-07,0.96
KSG,2018-09-10,0.96
KSG,2018-09-11,0.95
KSG,2018-09-12,0.9
KSG,2018-09-14,0.85
KSG,2018-09-17,0.86
KSG,2018-09-18,0.88
KSG,2018-09-20,0.94
KSG,2018-09-21,1.02
KSG,2018-09-24,1.02
KSG,2018-09-25,1.02
KSG,2018-09-26,0.94
KSG,2018-09-28,0.89
KSG,2018-10-01,0.93
KSG,2018-10-02,0.93
KSG,2018-10-04,0.9
KSG,2018-10-10,0.9
KSG,2018-10-11,0.91
KSG,2018-10-12,0.92
KSG,2018-10-15,0.93
KSG,2018-10-17,0.98
KSG,2018-10-18,0.98
KSG,2018-10-22,1.02
KSG,2018-10-31,1
KSG,2018-11-05,0.99
KSG,2018-11-09,0.89
KSG,2018-11-13,0.89
KSG,2018-11-14,0.92
KSG,2018-11-20,0.89
KSG,2018-11-21,0.88
KSG,2018-11-23,0.86
KSG,2018-11-28,0.79
KSG,2018-11-29,0.8
KSG,2018-11-30,0.8
KSG,2018-12-03,0.76
KSG,2018-12-04,0.75
KSG,2018-12-05,0.71
KSG,2018-12-06,0.7
KSG,2018-12-07,0.75
KSG,2018-12-11,0.72
KSG,2018-12-12,0.72
KSG,2018-12-13,0.75
KSG,2018-12-14,0.75
KSG,2018-12-17,0.7
KSG,2018-12-18,0.7
KSG,2018-12-19,0.65
KSG,2018-12-20,0.68
KSG,2018-12-21,0.7
KSG,2018-12-27,0.7
KSG,2019-01-02,0.66
KSG,2019-01-03,0.76
KSG,2019-01-07,0.71
KSG,2019-01-08,0.71
KSG,2019-01-09,0.7
KSG,2019-01-10,0.71
KSG,2019-01-11,0.7
KSG,2019-01-16,0.7
KSG,2019-01-18,0.7
KSG,2019-01-22,0.72
KSG,2019-01-23,0.71
KSG,2019-01-24,0.77
KSG,2019-01-25,0.78
KSG,2019-01-29,0.78
KSG,2019-01-30,0.74
KSG,2019-01-31,0.74
KSG,2019-02-01,0.78
KSG,2019-02-04,0.78
KSG,2019-02-05,0.78
KSG,2019-02-06,0.8
KSG,2019-02-07,0.8
KSG,2019-02-08,0.85
KSG,2019-02-11,0.93
KSG,2019-02-12,0.94
KSG,2019-02-13,0.92
KSG,2019-02-14,0.92
KSG,2019-02-15,0.91
KSG,2019-02-18,0.91
KSG,2019-02-19,0.82
KSG,2019-02-20,0.83
KSG,2019-02-21,0.85
KSG,2019-02-22,0.99
KSG,2019-02-26,0.95
KSG,2019-02-28,0.98
KSG,2019-03-04,0.97
KSG,2019-03-05,1
KSG,2019-03-06,1
KSG,2019-03-07,0.97
KSG,2019-03-11,0.92
KSG,2019-03-13,0.99
KSG,2019-03-18,0.932
KSG,2019-03-19,0.9
KSG,2019-03-20,0.9
KSG,2019-03-21,0.9
KSG,2019-03-26,0.952
KSG,2019-03-27,0.96
KSG,2019-03-28,0.96
KSG,2019-03-29,0.98
KSG,2019-04-01,1
KSG,2019-04-02,0.985
KSG,2019-04-03,0.985
KSG,2019-04-05,1.01
KSG,2019-04-08,1.01
KSG,2019-04-09,1.04
KSG,2019-04-10,1.02
KSG,2019-04-11,1.04
KSG,2019-04-12,1.08
KSG,2019-04-15,1.08
KSG,2019-04-16,1.1
KSG,2019-04-17,1.1
KSG,2019-04-18,1.19
KSG,2019-04-23,1.29
KSG,2019-04-24,1.3
KSG,2019-04-25,1.21
KSG,2019-04-26,1.3
KSG,2019-04-29,1.2
KSG,2019-04-30,1.2
KSG,2019-05-02,1.28
KSG,2019-05-07,1.24
KSG,2019-05-09,1.2
KSG,2019-05-10,1.18
KSG,2019-05-15,1.07
KSG,2019-05-22,1.16
KSG,2019-05-23,1.16
KSG,2019-05-27,1.14
KSG,2019-05-28,1.1
KSG,2019-05-29,1
KSG,2019-06-04,1
KSG,2019-06-05,1
KSG,2019-06-06,1
KSG,2019-06-10,0.9
KSG,2019-06-11,0.9
KSG,2019-06-17,0.9
KSG,2019-06-19,0.9
KSG,2019-06-21,0.9
KSG,2019-06-25,0.85
KSG,2019-06-28,0.94
KSG,2019-07-01,0.9
KSG,2019-07-02,0.9
KSG,2019-07-04,0.9
KSG,2019-07-05,0.9
KSG,2019-07-08,0.9
KSG,2019-07-09,1
KSG,2019-07-10,1.05
KSG,2019-07-16,0.92
KSG,2019-07-18,1.06
KSG,2019-07-19,1.05
KSG,2019-07-22,1
KSG,2019-07-23,1.04
KSG,2019-07-24,1.04
KSG,2019-07-31,0.935
KSG,2019-08-01,0.935
KSG,2019-08-05,0.915
KSG,2019-08-07,0.945
KSG,2019-08-12,0.985
KSG,2019-08-14,1
KSG,2019-08-16,1.04
KSG,2019-08-19,1.01
KSG,2019-08-20,1.04
KSG,2019-08-21,1.04
KSG,2019-08-22,1.04
KSG,2019-08-23,1.04
KSG,2019-08-28,1.05
KSG,2019-08-30,0.98
KSG,2019-09-02,1.03
KSG,2019-09-04,1.04
KSG,2019-09-05,1.04
KSG,2019-09-06,1.02
KSG,2019-09-09,1.02
KSG,2019-09-11,0.985
KSG,2019-09-13,1
KSG,2019-09-16,1.02
KSG,2019-09-17,1.01
KSG,2019-09-18,1.01
KSG,2019-09-23,0.99
KSG,2019-09-24,0.99
KSG,2019-09-27,1
KSG,2019-10-04,1
KSG,2019-10-09,1
KSG,2019-10-11,1
KSG,2019-10-14,0.9
KSG,2019-10-17,0.93
KSG,2019-10-18,1
KSG,2019-10-21,1
KSG,2019-10-22,1
KSG,2019-10-23,1.03
KSG,2019-10-24,1.06
KSG,2019-10-25,1.07
KSG,2019-10-28,1.08
KSG,2019-10-31,1.08
KSG,2019-11-04,1.07
KSG,2019-11-05,1.11
KSG,2019-11-06,1.15
KSG,2019-11-07,1.21
KSG,2019-11-08,1.29
KSG,2019-11-12,1.3
KSG,2019-11-13,1.3
KSG,2019-11-14,1.3
KSG,2019-11-15,1.3
KSG,2019-11-18,1.25
KSG,2019-11-19,1.28
KSG,2019-11-20,1.28
KSG,2019-11-21,1.25
KSG,2019-11-25,1.2
KSG,2019-11-26,1.2
KSG,2019-11-28,1.2
KSG,2019-11-29,1.25
KSG,2019-12-02,1.29
KSG,2019-12-03,1.28
KSG,2019-12-04,1.27
KSG,2019-12-05,1.27
KSG,2019-12-06,1.24
KSG,2019-12-11,1.24
KSG,2019-12-12,1.24
KSG,2019-12-13,1.23
KSG,2019-12-16,1.2
KSG,2019-12-18,1.16
KSG,2019-12-19,1.15
KSG,2019-12-20,1.2
KSG,2019-12-23,1.2
KSG,2019-12-27,1.17
KSG,2020-01-02,1.2
KSG,2020-01-03,1.23
KSG,2020-01-07,1.21
KSG,2020-01-08,1.21
KSG,2020-01-10,1.23
KSG,2020-01-13,1.23
KSG,2020-01-14,1.23
KSG,2020-01-15,1.21
KSG,2020-01-16,1.19
KSG,2020-01-17,1.15
KSG,2020-01-20,1.16
KSG,2020-01-22,1.23
KSG,2020-01-23,1.23
KSG,2020-01-24,1.23
KSG,2020-01-27,1.22
KSG,2020-01-28,1.26
KSG,2020-01-29,1.23
KSG,2020-02-03,1.23
KSG,2020-02-04,1.23
KSG,2020-02-05,1.19
KSG,2020-02-06,1.19
KSG,2020-02-07,1.19
KSG,2020-02-10,1.19
KSG,2020-02-11,1.19
KSG,2020-02-12,1.17
KSG,2020-02-13,1.19
KSG,2020-02-14,1.17
KSG,2020-02-17,1.17
KSG,2020-02-18,1.17
KSG,2020-02-25,1.11
KSG,2020-02-26,1.1
KSG,2020-02-27,1.09
KSG,2020-02-28,1.07
KSG,2020-03-02,1.07
KSG,2020-03-03,1.05
KSG,2020-03-04,1.05
KSG,2020-03-05,1.03
KSG,2020-03-06,1.02
KSG,2020-03-09,0.89
KSG,2020-03-10,0.92
KSG,2020-03-11,0.93
KSG,2020-03-12,0.85
KSG,2020-03-13,0.85
KSG,2020-03-16,0.99
KSG,2020-03-17,1.02
KSG,2020-03-18,1.02
KSG,2020-03-19,1
KSG,2020-03-20,1.1
KSG,2020-03-23,1.1
KSG,2020-03-24,1.1
KSG,2020-03-26,1.1
KSG,2020-03-30,1.03
KSG,2020-03-31,1.1
KSG,2020-04-01,1.18
KSG,2020-04-02,1.1
KSG,2020-04-03,1
KSG,2020-04-06,1.02
KSG,2020-04-07,1.01
KSG,2020-04-08,1.01
KSG,2020-04-09,1.09
KSG,2020-04-14,1.16
KSG,2020-04-15,1.2
KSG,2020-04-16,1.15
KSG,2020-04-17,1.2
KSG,2020-04-20,1.19
KSG,2020-04-21,1.1
KSG,2020-04-22,1.1
KSG,2020-04-23,1.1
KSG,2020-04-24,1.18
KSG,2020-04-27,1.18
KSG,2020-04-28,1.12
KSG,2020-04-29,1.2
KSG,2020-04-30,1.2
KSG,2020-05-04,1.24
KSG,2020-05-05,1.19
KSG,2020-05-06,1.17
KSG,2020-05-07,1.19
KSG,2020-05-08,1.19
KSG,2020-05-11,1.19
KSG,2020-05-12,1.14
KSG,2020-05-13,1.19
KSG,2020-05-14,1.2
KSG,2020-05-15,1.24
KSG,2020-05-18,1.3
KSG,2020-05-19,1.3
KSG,2020-05-20,1.3
KSG,2020-05-21,1.22
KSG,2020-05-22,1.2
KSG,2020-05-25,1.29
KSG,2020-05-26,1.26
KSG,2020-05-27,1.2
KSG,2020-05-28,1.16
KSG,2020-05-29,1.26
KSG,2020-06-01,1.26
KSG,2020-06-02,1.26
KSG,2020-06-03,1.25
KSG,2020-06-04,1.25
KSG,2020-06-05,1.25
KSG,2020-06-08,1.25
KSG,2020-06-09,1.25
KSG,2020-06-10,1.25
KSG,2020-06-12,1.22
KSG,2020-06-15,1.21
KSG,2020-06-16,1.25
KSG,2020-06-17,1.25
KSG,2020-06-23,1.25
KSG,2020-06-26,1.2
KSG,2020-06-29,1.25
KSG,2020-06-30,1.28
KSG,2020-07-01,1.59
KSG,2020-07-02,1.65
KSG,2020-07-03,1.73
KSG,2020-07-06,1.75
KSG,2020-07-07,1.6
KSG,2020-07-08,1.68
KSG,2020-07-09,1.68
KSG,2020-07-10,1.64
KSG,2020-07-13,1.67
KSG,2020-07-14,1.52
KSG,2020-07-15,1.65
KSG,2020-07-16,1.56
KSG,2020-07-17,1.5
KSG,2020-07-20,1.79
KSG,2020-07-21,1.77
KSG,2020-07-22,1.8
KSG,2020-07-23,1.77
KSG,2020-07-24,1.76
KSG,2020-07-27,1.73
KSG,2020-07-28,1.64
KSG,2020-07-29,1.69
KSG,2020-07-30,1.56
KSG,2020-07-31,1.48
KSG,2020-08-03,1.6
KSG,2020-08-04,1.6
KSG,2020-08-05,1.65
KSG,2020-08-06,1.64
KSG,2020-08-07,1.65
KSG,2020-08-10,1.6
KSG,2020-08-11,1.55
KSG,2020-08-12,1.51
KSG,2020-08-13,1.5
KSG,2020-08-17,1.5
KSG,2020-08-18,1.49
KSG,2020-08-19,1.57
KSG,2020-08-20,1.45
KSG,2020-08-21,1.42
KSG,2020-08-24,1.44
KSG,2020-08-25,1.45
KSG,2020-08-26,1.55
KSG,2020-08-27,1.53
KSG,2020-08-28,1.53
KSG,2020-08-31,1.48
KSG,2020-09-01,1.45
KSG,2020-09-02,1.42
KSG,2020-09-03,1.4
KSG,2020-09-04,1.38
KSG,2020-09-08,1.18
KSG,2020-09-09,1.35
KSG,2020-09-10,1.23
KSG,2020-09-11,1.16
KSG,2020-09-14,1.24
KSG,2020-09-15,1.2
KSG,2020-09-16,1.23
KSG,2020-09-17,1.21
KSG,2020-09-18,1.23
KSG,2020-09-21,1.22
KSG,2020-09-23,1.16
KSG,2020-09-24,1.09
KSG,2020-09-25,1.1
KSG,2020-09-28,1.14
KSG,2020-09-29,1.22
KSG,2020-09-30,1.22
KSG,2020-10-05,1.22
KSG,2020-10-06,1.25
KSG,2020-10-07,1.32
KSG,2020-10-08,1.24
KSG,2020-10-09,1.14
KSG,2020-10-12,1.16
KSG,2020-10-13,1.13
KSG,2020-10-14,1.13
KSG,2020-10-15,1.09
KSG,2020-10-16,1.1
KSG,2020-10-19,1.1
KSG,2020-10-20,1.01
KSG,2020-10-21,1
KSG,2020-10-22,1
KSG,2020-10-23,1.05
