<TICKER>,<PER>,<DATE>,<TIME>,<OPEN>,<HIGH>,<LOW>,<CLOSE>,<VOL>,<OPENINT>
CTS,D,20151116,000000,5.1892,5.264,5.1892,5.264,384,0
CTS,D,20151120,000000,5.3536,5.3536,5.3536,5.3536,27,0
CTS,D,20151123,000000,5.4507,5.4507,5.4507,5.4507,6,0
CTS,D,20151124,000000,5.5254,5.9733,5.4507,5.4507,53,0
CTS,D,20151125,000000,5.3387,5.824,5.3387,5.712,93,0
CTS,D,20151126,000000,5.4134,5.4134,5.4134,5.4134,9,0
CTS,D,20151127,000000,5.712,6.16,5.712,6.16,102,0
CTS,D,20151130,000000,5.6074,5.7867,5.376,5.376,331,0
CTS,D,20151201,000000,5.376,5.376,5.376,5.376,11,0
CTS,D,20151209,000000,5.376,5.376,5.376,5.376,67,0
CTS,D,20151210,000000,5.376,5.376,5.376,5.376,31,0
CTS,D,20160107,000000,5.5626,5.5626,5.5626,5.5626,536,0
CTS,D,20160108,000000,5.5701,5.9733,5.5701,5.9733,1607,0
CTS,D,20160111,000000,5.9733,5.9733,5.9733,5.9733,267,0
CTS,D,20160112,000000,5.9733,5.9733,5.9733,5.9733,537,0
CTS,D,20160203,000000,5.6747,5.6747,5.6747,5.6747,1,0
CTS,D,20160216,000000,5.6448,5.6448,5.376,5.376,267,0
CTS,D,20160308,000000,5.2266,5.2266,5.2266,5.2266,1,0
CTS,D,20160413,000000,5.406,5.406,5.406,5.406,214,0
CTS,D,20160414,000000,5.406,5.8017,5.406,5.8017,956,0
CTS,D,20160415,000000,5.9733,6.72,5.9733,6.72,590,0
CTS,D,20160418,000000,7.392,8.2137,7.392,8.2137,207,0
CTS,D,20160419,000000,8.2137,8.6014,6.9813,8.2137,837,0
CTS,D,20160420,000000,8.9598,9.782,7.467,8.0637,2230,0
CTS,D,20160425,000000,7.3846,7.3846,7.3846,7.3846,119,0
CTS,D,20160426,000000,7.3546,7.8926,7.3546,7.8926,148,0
CTS,D,20160428,000000,6.2048,6.2048,6.2048,6.2048,218,0
CTS,D,20160429,000000,6.72,6.72,6.2048,6.72,158,0
CTS,D,20160502,000000,7.0933,7.8549,7.0933,7.8549,54,0
CTS,D,20160504,000000,7.8549,7.8549,7.8549,7.8549,27,0
CTS,D,20160505,000000,8.2137,8.9598,8.2137,8.2137,944,0
CTS,D,20160506,000000,7.467,8.2137,7.467,8.2137,415,0
CTS,D,20160510,000000,7.1008,7.1008,7.1008,7.1008,13,0
CTS,D,20160511,000000,6.7125,6.7125,6.7125,6.7125,13,0
CTS,D,20160517,000000,6.7125,6.7125,6.7125,6.7125,1,0
CTS,D,20160518,000000,6.7125,6.7125,6.063,6.7125,17,0
CTS,D,20160519,000000,6.7125,6.7125,6.0555,6.0555,40,0
CTS,D,20160520,000000,6.3467,6.3467,6.3467,6.3467,89,0
CTS,D,20160523,000000,6.7125,6.7125,6.7125,6.7125,13,0
CTS,D,20160530,000000,7.0502,7.0502,7.0502,7.0502,1,0
CTS,D,20160601,000000,7.0345,7.0345,7.0345,7.0345,16,0
CTS,D,20160602,000000,7.0423,7.0423,7.0423,7.0423,1,0
CTS,D,20160606,000000,6.3436,6.3436,6.3436,6.3436,31,0
CTS,D,20160607,000000,5.7155,5.7155,4.8754,4.8833,19213,0
CTS,D,20160608,000000,5.0952,5.111,4.8833,5.111,50,0
CTS,D,20160609,000000,5.1267,5.6291,5.1267,5.6291,1659,0
CTS,D,20160610,000000,5.8961,6.1001,5.6683,5.6919,23686,0
CTS,D,20160613,000000,6.0452,6.3279,5.6527,5.6527,13273,0
CTS,D,20160614,000000,5.794,5.8096,5.794,5.8096,273,0
CTS,D,20160615,000000,5.9117,5.9196,5.7312,5.7312,519,0
CTS,D,20160616,000000,6.0688,6.0688,5.6605,5.6605,15346,0
CTS,D,20160617,000000,6.0452,6.0452,5.8096,5.8096,1922,0
CTS,D,20160620,000000,6.0452,6.0452,5.794,5.794,3173,0
CTS,D,20160621,000000,5.8096,5.8882,5.6762,5.8096,9006,0
CTS,D,20160622,000000,5.7469,5.849,5.7469,5.849,8148,0
CTS,D,20160623,000000,5.849,5.9039,5.794,5.9039,10046,0
CTS,D,20160624,000000,5.9432,5.9432,5.6683,5.6683,5733,0
CTS,D,20160627,000000,5.6683,5.7312,5.6683,5.7155,4701,0
CTS,D,20160628,000000,5.6919,6.1001,5.5113,5.7704,15374,0
CTS,D,20160629,000000,6.0452,6.0452,5.8882,6.0452,5378,0
CTS,D,20160630,000000,6.0452,6.2807,5.9824,6.2807,7516,0
CTS,D,20160701,000000,6.2807,6.2807,5.6605,5.6605,6922,0
CTS,D,20160704,000000,6.0374,6.0374,6.0374,6.0374,64,0
CTS,D,20160705,000000,5.1032,5.1032,5.1032,5.1032,95,0
CTS,D,20160706,000000,6.006,6.006,6.006,6.006,1274,0
CTS,D,20160707,000000,5.9667,5.9667,5.9509,5.9509,640,0
CTS,D,20160708,000000,5.9432,5.9432,5.8726,5.8726,2043,0
CTS,D,20160711,000000,5.9509,5.9509,5.9509,5.9509,1349,0
CTS,D,20160712,000000,6.0531,6.0531,6.0531,6.0531,1351,0
CTS,D,20160713,000000,6.1708,6.1708,6.1708,6.1708,1377,0
CTS,D,20160714,000000,6.2022,6.2022,6.2022,6.2022,1019,0
CTS,D,20160715,000000,6.2807,6.2807,6.2807,6.2807,128,0
CTS,D,20160718,000000,6.2807,6.2807,6.2807,6.2807,147,0
CTS,D,20160719,000000,6.375,6.375,6.375,6.375,648,0
CTS,D,20160720,000000,6.2807,6.2807,6.2807,6.2807,12,0
CTS,D,20160803,000000,5.794,5.8568,5.794,5.8568,9055,0
CTS,D,20160804,000000,5.8254,5.8803,5.8254,5.8803,8291,0
CTS,D,20160805,000000,5.8411,6.0766,5.8411,6.0766,6226,0
CTS,D,20160808,000000,6.0452,6.1237,6.0452,6.1237,3139,0
CTS,D,20160809,000000,6.1237,6.2807,6.1237,6.2729,2810,0
CTS,D,20160810,000000,6.2022,6.2807,6.2022,6.2807,5476,0
CTS,D,20160811,000000,6.2807,6.4378,6.2807,6.422,3978,0
CTS,D,20160812,000000,6.422,6.5084,6.32,6.5084,5990,0
CTS,D,20160816,000000,6.5555,6.5634,6.5084,6.5084,4939,0
CTS,D,20160817,000000,6.5319,6.5319,6.2807,6.2807,9688,0
CTS,D,20160818,000000,6.2807,6.4692,6.2807,6.4692,2451,0
CTS,D,20160819,000000,6.4613,6.477,6.2965,6.477,7259,0
CTS,D,20160822,000000,6.4535,6.5319,6.3514,6.477,5228,0
CTS,D,20160823,000000,6.4692,6.4692,6.2493,6.4692,6746,0
CTS,D,20160824,000000,6.477,6.477,6.2807,6.3985,13445,0
CTS,D,20160825,000000,6.3436,6.3592,6.2258,6.3592,6673,0
CTS,D,20160826,000000,5.9824,5.9824,5.8647,5.8647,1999,0
CTS,D,20160829,000000,6.1552,6.2807,6.1552,6.2807,7311,0
CTS,D,20160830,000000,6.3592,6.3985,6.2807,6.3985,12428,0
CTS,D,20160831,000000,6.3592,6.4535,6.2807,6.4535,12230,0
CTS,D,20160901,000000,6.4378,6.477,6.3592,6.477,8860,0
CTS,D,20160902,000000,6.477,6.5634,6.422,6.5319,13632,0
CTS,D,20160905,000000,6.5163,6.5555,6.265,6.5555,17319,0
CTS,D,20160906,000000,6.5555,6.5555,6.422,6.5005,6896,0
CTS,D,20160907,000000,6.5005,6.5398,6.3592,6.5398,6523,0
CTS,D,20160908,000000,6.5005,6.5163,6.422,6.5163,7529,0
CTS,D,20160909,000000,6.5555,6.5555,6.4849,6.5555,10227,0
CTS,D,20160912,000000,6.5005,6.5319,6.2807,6.5319,12286,0
CTS,D,20160913,000000,6.5163,6.5163,6.4378,6.5163,7844,0
CTS,D,20160914,000000,6.5555,6.5555,6.4378,6.5163,14054,0
CTS,D,20160915,000000,6.4849,6.5555,6.422,6.5555,6038,0
CTS,D,20160916,000000,6.4063,6.5555,6.2807,6.5163,13244,0
CTS,D,20160919,000000,6.5163,6.5634,6.4535,6.5634,6024,0
CTS,D,20160920,000000,6.5555,6.6341,6.4849,6.6341,4822,0
CTS,D,20160921,000000,6.6341,6.6733,6.5319,6.6733,6336,0
CTS,D,20160922,000000,6.5634,6.6733,6.477,6.6733,7253,0
CTS,D,20160923,000000,6.6733,6.8303,6.5163,6.6733,16238,0
CTS,D,20160926,000000,6.6105,6.8303,6.5163,6.8303,3752,0
CTS,D,20160927,000000,6.3985,6.8303,6.3985,6.8303,4970,0
CTS,D,20160928,000000,6.6419,6.8303,6.5163,6.8303,5204,0
CTS,D,20160929,000000,6.6576,6.8303,6.5634,6.8303,6394,0
CTS,D,20160930,000000,6.6655,6.6733,6.5163,6.6733,8903,0
CTS,D,20161003,000000,6.4298,6.7362,6.2807,6.7362,16632,0
CTS,D,20161004,000000,6.6733,6.791,6.5634,6.791,9399,0
CTS,D,20161005,000000,6.7518,6.7832,6.422,6.7283,19995,0
CTS,D,20161006,000000,6.6733,6.7283,6.4378,6.4535,12532,0
CTS,D,20161007,000000,6.689,6.689,6.5084,6.6419,11511,0
CTS,D,20161010,000000,6.6341,6.689,6.4378,6.689,6905,0
CTS,D,20161011,000000,6.6262,6.6262,6.4378,6.5948,9652,0
CTS,D,20161012,000000,6.7047,6.7125,6.5319,6.7125,11592,0
CTS,D,20161013,000000,6.7047,6.791,6.5634,6.791,12785,0
CTS,D,20161014,000000,6.7675,6.7675,6.5163,6.7047,12764,0
CTS,D,20161017,000000,6.3985,6.7047,6.3985,6.7047,9406,0
CTS,D,20161018,000000,6.6733,6.6968,6.5319,6.6968,10740,0
CTS,D,20161019,000000,6.7047,6.8303,6.5948,6.8303,11629,0
CTS,D,20161020,000000,6.5634,6.8775,6.5241,6.8775,10375,0
CTS,D,20161021,000000,6.8224,6.9794,6.689,6.9794,9582,0
CTS,D,20161024,000000,6.9794,7.0659,6.8146,6.9873,7319,0
CTS,D,20161025,000000,6.9873,7.0659,6.7518,7.0659,12172,0
CTS,D,20161026,000000,7.0659,7.3013,6.8381,7.3013,8378,0
CTS,D,20161027,000000,7.3799,7.5997,7.0659,7.5997,9795,0
CTS,D,20161028,000000,7.5762,7.8509,7.4583,7.8509,9598,0
CTS,D,20161102,000000,7.4583,7.4583,7.4583,7.4583,751,0
CTS,D,20161103,000000,7.4583,7.4583,7.4583,7.4583,6624,0
CTS,D,20161104,000000,7.4583,7.4583,7.4583,7.4583,5158,0
CTS,D,20161107,000000,7.4583,7.4583,7.4583,7.4583,64,0
CTS,D,20161108,000000,7.4426,7.4583,7.3013,7.4583,7912,0
CTS,D,20161109,000000,7.4426,7.4583,7.3013,7.4583,12541,0
CTS,D,20161110,000000,7.4583,7.4583,7.3092,7.4583,8997,0
CTS,D,20161114,000000,7.4583,7.4583,7.2072,7.4583,9038,0
CTS,D,20161115,000000,7.4348,7.4583,7.3092,7.4426,4047,0
CTS,D,20161116,000000,7.4583,7.4583,7.4348,7.4348,14139,0
CTS,D,20161117,000000,7.3877,7.4583,7.317,7.4583,4335,0
CTS,D,20161118,000000,7.4505,7.6625,7.317,7.6625,16119,0
CTS,D,20161121,000000,7.6547,7.7724,7.4662,7.4662,8940,0
CTS,D,20161122,000000,7.4741,7.5369,7.325,7.5369,9977,0
CTS,D,20161123,000000,7.5212,7.7724,7.3799,7.7724,14202,0
CTS,D,20161124,000000,7.7017,7.7647,7.5369,7.7647,7686,0
CTS,D,20161125,000000,7.6939,7.7724,7.5369,7.7724,7780,0
CTS,D,20161128,000000,7.5762,7.7724,7.5762,7.7724,8063,0
CTS,D,20161129,000000,7.7724,7.7724,7.5839,7.7724,12546,0
CTS,D,20161130,000000,7.7488,7.7567,7.5839,7.7567,5650,0
CTS,D,20161201,000000,7.7567,7.7724,7.6625,7.7724,6857,0
CTS,D,20161202,000000,7.7724,7.8274,7.7724,7.8274,4241,0
CTS,D,20161205,000000,7.7724,7.8509,7.6939,7.843,4807,0
CTS,D,20161206,000000,7.843,7.8509,7.6939,7.8509,5803,0
CTS,D,20161207,000000,7.843,7.843,7.4819,7.843,5080,0
CTS,D,20161208,000000,7.843,7.8509,7.7724,7.8509,3312,0
CTS,D,20161209,000000,7.8117,7.8117,7.6155,7.6939,24899,0
CTS,D,20161212,000000,7.7253,7.7331,7.3799,7.7331,6807,0
CTS,D,20161213,000000,7.7253,7.7331,7.6155,7.7331,4540,0
CTS,D,20161214,000000,7.7253,7.7331,7.6547,7.7331,11337,0
CTS,D,20161216,000000,7.7253,7.7331,7.6547,7.7331,5465,0
CTS,D,20161219,000000,7.6939,7.7724,7.6155,7.7724,6226,0
CTS,D,20161220,000000,7.741,7.7724,7.6782,7.7724,4340,0
CTS,D,20161222,000000,7.3406,7.6547,7.3406,7.6547,5604,0
CTS,D,20161223,000000,7.6155,7.6861,7.6155,7.6861,12738,0
CTS,D,20161227,000000,7.6547,7.8745,7.6547,7.8745,23650,0
CTS,D,20161228,000000,7.6547,8.2357,7.6547,8.2357,19492,0
CTS,D,20161230,000000,8.0315,8.0315,8.0315,8.0315,123,0
CTS,D,20170102,000000,7.7567,8.0865,7.7567,8.0865,10460,0
CTS,D,20170103,000000,8.008,8.6362,7.8509,8.008,9455,0
CTS,D,20170104,000000,7.8509,8.6282,7.8509,8.6282,5392,0
CTS,D,20170105,000000,8.0472,8.2041,7.8509,7.898,2282,0
CTS,D,20170109,000000,8.0708,8.2041,8.0708,8.2041,2517,0
CTS,D,20170110,000000,8.0865,8.1964,7.8509,8.1414,10149,0
CTS,D,20170111,000000,8.1335,8.2041,8.1258,8.2041,3474,0
CTS,D,20170112,000000,7.8588,8.1885,7.8588,8.1806,2950,0
CTS,D,20170113,000000,7.8509,8.1414,7.8509,8.1414,247,0
CTS,D,20170116,000000,8.1179,8.1179,8.0865,8.1022,3671,0
CTS,D,20170117,000000,8.0708,8.0787,8.0472,8.0472,2946,0
CTS,D,20170118,000000,8.0551,8.0551,8.0236,8.0393,3408,0
CTS,D,20170119,000000,7.9922,7.9922,7.8509,7.9216,9315,0
CTS,D,20170120,000000,7.8901,7.9137,7.843,7.8509,1987,0
CTS,D,20170123,000000,7.843,7.9922,7.639,7.9922,9578,0
CTS,D,20170124,000000,7.9216,8.11,7.9216,8.11,6497,0
CTS,D,20170125,000000,8.11,8.1964,7.8195,8.165,21106,0
CTS,D,20170126,000000,8.1964,8.1964,8.1493,8.1571,6456,0
CTS,D,20170127,000000,8.0001,8.008,7.6469,8.008,10090,0
CTS,D,20170130,000000,8.008,8.008,8.0001,8.008,1828,0
CTS,D,20170131,000000,8.0001,8.0001,7.8509,8.0001,9902,0
CTS,D,20170201,000000,7.8509,7.9687,7.8509,7.9687,8254,0
CTS,D,20170202,000000,7.8509,7.8509,7.8509,7.8509,2732,0
CTS,D,20170203,000000,7.843,7.8509,7.8353,7.8509,4440,0
CTS,D,20170208,000000,7.7724,7.9216,7.7724,7.9216,8081,0
CTS,D,20170209,000000,7.9216,7.9216,7.6939,7.8509,7107,0
CTS,D,20170213,000000,7.8509,7.9687,7.8509,7.9687,9698,0
CTS,D,20170214,000000,7.8901,8.008,7.2228,7.4583,18209,0
CTS,D,20170215,000000,7.4583,7.4583,7.1051,7.4583,5921,0
CTS,D,20170216,000000,7.4583,7.4583,7.4583,7.4583,1019,0
CTS,D,20170217,000000,7.6861,7.6861,7.4977,7.4977,680,0
CTS,D,20170221,000000,7.6939,7.6939,7.5369,7.5369,2274,0
CTS,D,20170222,000000,7.5839,7.8274,7.5839,7.7724,4783,0
CTS,D,20170223,000000,7.7724,7.8195,7.741,7.7882,4737,0
CTS,D,20170224,000000,7.8274,7.8353,7.4741,7.8274,6624,0
CTS,D,20170227,000000,7.317,7.8117,7.317,7.6547,12334,0
CTS,D,20170228,000000,7.3013,7.6155,7.3013,7.6155,638,0
CTS,D,20170301,000000,7.6469,7.6469,7.0659,7.4191,17377,0
CTS,D,20170302,000000,7.2386,7.2386,6.5319,6.5319,16326,0
CTS,D,20170303,000000,6.5319,7.1051,6.5319,7.1051,8295,0
CTS,D,20170306,000000,7.1051,7.1836,7.0266,7.1836,2102,0
CTS,D,20170307,000000,7.4191,7.4583,7.0659,7.4583,2716,0
CTS,D,20170308,000000,7.4505,7.4583,7.4505,7.4583,5095,0
CTS,D,20170309,000000,7.4583,7.5762,7.4583,7.5762,2252,0
CTS,D,20170310,000000,7.6075,7.6939,7.3485,7.6939,3212,0
CTS,D,20170313,000000,7.7017,7.7017,7.3485,7.6939,8927,0
CTS,D,20170314,000000,7.4583,7.7882,7.4583,7.7882,22524,0
CTS,D,20170315,000000,7.6547,7.7882,7.4505,7.7882,37818,0
CTS,D,20170316,000000,7.4583,7.7724,7.4583,7.7647,64324,0
CTS,D,20170317,000000,7.5369,7.5369,7.4583,7.5369,66952,0
CTS,D,20170320,000000,7.5369,7.9137,7.5369,7.9137,6302,0
CTS,D,20170321,000000,7.8509,7.8509,7.7724,7.7724,25749,0
CTS,D,20170322,000000,7.7724,7.8509,7.7724,7.7724,10535,0
CTS,D,20170323,000000,7.6155,7.7724,7.5369,7.7724,26417,0
CTS,D,20170324,000000,7.7724,7.7724,7.7724,7.7724,14393,0
CTS,D,20170327,000000,7.8353,7.8509,7.8353,7.8509,319,0
CTS,D,20170328,000000,7.8509,7.8509,7.7724,7.7724,12419,0
CTS,D,20170329,000000,7.7331,7.8117,7.7331,7.8117,14311,0
CTS,D,20170330,000000,7.8117,7.8117,7.7724,7.7724,31843,0
CTS,D,20170331,000000,7.7724,8.1022,7.741,8.1022,50949,0
CTS,D,20170403,000000,7.7488,8.0393,7.7488,8.0393,2637,0
CTS,D,20170404,000000,7.6939,8.008,7.6939,7.8901,38152,0
CTS,D,20170405,000000,7.796,7.8038,7.796,7.796,12798,0
CTS,D,20170406,000000,8.0787,8.2041,8.0787,8.1885,2038,0
CTS,D,20170407,000000,8.165,8.4633,8.165,8.4633,3885,0
CTS,D,20170410,000000,8.3219,8.6362,8.3219,8.6362,5711,0
CTS,D,20170411,000000,8.5416,8.8164,8.5416,8.8164,5995,0
CTS,D,20170412,000000,8.8164,8.8405,8.7933,8.8405,6628,0
CTS,D,20170413,000000,8.9496,9.045,8.8719,9.045,2421,0
CTS,D,20170418,000000,8.895,9.342,8.8321,9.342,7438,0
CTS,D,20170419,000000,9.3355,9.79,9.1458,9.4059,17785,0
CTS,D,20170420,000000,9.4993,9.775,9.2245,9.4207,23157,0
CTS,D,20170421,000000,9.2014,9.4207,9.107,9.4207,8801,0
CTS,D,20170424,000000,9.562,9.775,9.4845,9.594,23899,0
CTS,D,20170425,000000,8.2041,8.2435,8.008,8.008,1930,0
CTS,D,20170426,000000,8.0865,8.1022,8.008,8.008,2763,0
CTS,D,20170427,000000,8.0472,8.0472,8.008,8.008,3185,0
CTS,D,20170428,000000,8.008,8.0551,8.008,8.008,4292,0
CTS,D,20170502,000000,8.008,8.008,8.008,8.008,2238,0
CTS,D,20170504,000000,8.008,8.0236,8.008,8.008,3286,0
CTS,D,20170505,000000,8.0236,8.0393,8.008,8.0393,1555,0
CTS,D,20170508,000000,7.8509,7.9452,7.8509,7.9137,3859,0
CTS,D,20170509,000000,7.9295,7.9452,7.9295,7.9452,1008,0
CTS,D,20170510,000000,7.9766,8.008,7.9766,7.9766,1783,0
CTS,D,20170511,000000,7.9766,8.008,7.9766,8.008,1529,0
CTS,D,20170512,000000,8.008,8.0236,7.9766,8.0236,1379,0
CTS,D,20170515,000000,7.9295,7.9295,7.8509,7.8509,23356,0
CTS,D,20170516,000000,7.8509,7.8509,7.8509,7.8509,8916,0
CTS,D,20170517,000000,7.8509,8.0236,7.8509,8.0236,1887,0
CTS,D,20170518,000000,7.9295,7.9922,7.9295,7.9295,4953,0
CTS,D,20170519,000000,7.7331,8.008,6.9638,8.008,5236,0
CTS,D,20170522,000000,8.1179,8.1414,7.3406,7.3406,3738,0
CTS,D,20170523,000000,6.9559,7.003,6.5634,7.003,2226,0
CTS,D,20170524,000000,7.0659,7.1365,7.003,7.1365,828,0
CTS,D,20170525,000000,7.1444,7.2228,7.1444,7.2228,240,0
CTS,D,20170526,000000,7.2228,7.317,7.2228,7.317,698,0
CTS,D,20170529,000000,7.3799,7.4191,7.3799,7.4191,882,0
CTS,D,20170530,000000,7.4583,7.4583,7.4583,7.4583,102,0
CTS,D,20170531,000000,7.4583,7.4583,7.4583,7.4583,473,0
CTS,D,20170601,000000,7.4583,7.7724,7.4583,7.7724,15404,0
CTS,D,20170602,000000,7.8117,7.8274,7.8117,7.8274,383,0
CTS,D,20170605,000000,7.8901,7.9452,7.4741,7.4741,4095,0
CTS,D,20170606,000000,7.6155,7.6311,7.6155,7.6311,509,0
CTS,D,20170607,000000,7.6311,7.6469,7.6311,7.6469,790,0
CTS,D,20170608,000000,7.6469,7.6625,7.6469,7.6625,701,0
CTS,D,20170609,000000,7.6782,7.6939,7.6782,7.6782,730,0
CTS,D,20170612,000000,7.4583,7.6075,7.4583,7.6075,1337,0
CTS,D,20170613,000000,7.6075,7.6155,7.6075,7.6075,1783,0
CTS,D,20170616,000000,7.3013,7.3013,7.16,7.16,2386,0
CTS,D,20170619,000000,7.1836,7.1836,7.1836,7.1836,190,0
CTS,D,20170621,000000,7.0187,7.3013,7.0187,7.3013,3885,0
CTS,D,20170622,000000,7.0659,7.0659,7.0659,7.0659,3438,0
CTS,D,20170623,000000,7.0659,7.0659,7.0659,7.0659,891,0
CTS,D,20170626,000000,7.0659,7.0659,7.0659,7.0659,6114,0
CTS,D,20170627,000000,7.0659,7.2228,6.8068,7.1286,2890,0
CTS,D,20170628,000000,7.0659,7.3328,7.0659,7.3328,4299,0
CTS,D,20170629,000000,7.3956,7.4191,7.3956,7.4191,667,0
CTS,D,20170630,000000,7.4191,7.5683,7.4191,7.5683,255,0
CTS,D,20170703,000000,7.5526,7.5997,7.4191,7.4191,891,0
CTS,D,20170706,000000,7.0659,7.0659,7.0659,7.0659,102,0
CTS,D,20170712,000000,7.3013,7.3406,7.3013,7.3406,1400,0
CTS,D,20170713,000000,7.3642,7.3799,7.3642,7.3799,1605,0
CTS,D,20170714,000000,7.4191,7.4191,7.0659,7.4191,2564,0
CTS,D,20170717,000000,7.4112,7.4112,7.3485,7.4112,1601,0
CTS,D,20170718,000000,7.3406,7.4112,7.3406,7.3799,3902,0
CTS,D,20170720,000000,7.3564,7.3564,7.3564,7.3564,128,0
CTS,D,20170721,000000,7.3485,7.3564,7.3013,7.3564,1783,0
CTS,D,20170724,000000,7.3564,7.3642,7.3013,7.3642,2166,0
CTS,D,20170725,000000,7.3564,7.4191,7.3013,7.4191,4089,0
CTS,D,20170726,000000,7.0659,7.3013,7.0659,7.3013,10724,0
CTS,D,20170727,000000,7.317,7.317,7.2228,7.3013,2309,0
CTS,D,20170728,000000,7.317,7.317,7.1915,7.3013,1783,0
CTS,D,20170731,000000,7.2621,7.2621,7.1444,7.2543,5604,0
CTS,D,20170801,000000,7.372,7.372,6.9873,7.2228,10731,0
CTS,D,20170802,000000,7.2464,7.2543,7.1521,7.1521,3872,0
CTS,D,20170803,000000,6.9088,7.0659,6.9088,6.9246,1400,0
CTS,D,20170804,000000,6.9246,6.9246,6.9246,6.9246,407,0
CTS,D,20170807,000000,6.9246,7.1915,6.6733,7.0659,16595,0
CTS,D,20170808,000000,6.8695,7.058,6.7518,6.9873,7734,0
CTS,D,20170809,000000,7.0659,7.0737,6.9873,6.9873,5086,0
CTS,D,20170810,000000,7.0659,7.0659,7.0659,7.0659,509,0
CTS,D,20170811,000000,7.0659,7.0659,7.0659,7.0659,1529,0
CTS,D,20170814,000000,7.0659,7.1444,7.0659,7.1444,2817,0
CTS,D,20170816,000000,7.0659,7.0659,7.0659,7.0659,5401,0
CTS,D,20170817,000000,7.0659,7.0659,7.0659,7.0659,3821,0
CTS,D,20170821,000000,7.0659,7.0659,6.9088,7.0659,3618,0
CTS,D,20170822,000000,7.0659,7.1836,6.9873,7.1836,3708,0
CTS,D,20170823,000000,6.9873,7.0659,6.9873,6.9873,1259,0
CTS,D,20170824,000000,7.0659,7.0659,6.9088,7.0659,13630,0
CTS,D,20170825,000000,6.8303,7.0659,6.8303,7.0659,12918,0
CTS,D,20170828,000000,6.8303,7.0659,6.8303,7.0659,7647,0
CTS,D,20170829,000000,7.0659,7.0894,7.0659,7.0894,3001,0
CTS,D,20170830,000000,7.0894,7.1365,7.0894,7.1365,2547,0
CTS,D,20170831,000000,7.0659,7.2228,7.0659,7.2072,3869,0
CTS,D,20170901,000000,7.2543,7.5369,7.2543,7.5369,1147,0
CTS,D,20170904,000000,7.3328,7.3328,7.3328,7.3328,255,0
CTS,D,20170905,000000,7.3485,7.3956,7.3485,7.3956,3979,0
CTS,D,20170906,000000,7.4112,7.4191,7.4112,7.4191,2025,0
CTS,D,20170907,000000,7.4348,7.4741,7.4348,7.4583,2002,0
CTS,D,20170908,000000,7.3013,7.5369,7.3013,7.5369,3312,0
CTS,D,20170911,000000,7.3013,7.6155,7.3013,7.6155,3716,0
CTS,D,20170912,000000,7.5604,7.5762,7.5604,7.5762,1605,0
CTS,D,20170913,000000,7.6155,7.6311,7.6155,7.6311,1655,0
CTS,D,20170914,000000,7.6469,7.6625,7.6469,7.6625,1400,0
CTS,D,20170918,000000,7.6625,7.7096,7.6625,7.7096,5201,0
CTS,D,20170919,000000,7.7331,7.7488,7.7331,7.7488,2012,0
CTS,D,20170920,000000,7.7331,7.7882,7.7331,7.7882,3770,0
CTS,D,20170921,000000,7.7724,7.7882,7.7724,7.7882,1923,0
CTS,D,20170925,000000,7.7882,7.8117,7.7882,7.8117,1974,0
CTS,D,20170926,000000,7.8117,7.8274,7.8117,7.8274,1935,0
CTS,D,20170927,000000,7.8117,7.8353,7.8117,7.8353,2012,0
CTS,D,20170928,000000,7.8195,7.8353,7.8195,7.8353,2064,0
CTS,D,20170929,000000,7.8353,7.8509,7.8274,7.8509,1855,0
CTS,D,20171002,000000,7.8509,7.8509,7.8353,7.843,2076,0
CTS,D,20171003,000000,7.8274,7.8509,7.8274,7.8509,1693,0
CTS,D,20171004,000000,7.8274,7.8353,7.8274,7.8353,1745,0
CTS,D,20171005,000000,7.8509,7.8509,7.843,7.8509,1898,0
CTS,D,20171006,000000,7.843,7.8509,7.843,7.8509,1822,0
CTS,D,20171009,000000,7.8274,7.8353,7.8274,7.8353,1847,0
CTS,D,20171011,000000,7.8274,7.8274,7.0659,7.4583,3665,0
CTS,D,20171012,000000,7.6782,7.8353,7.6782,7.8353,3870,0
CTS,D,20171016,000000,7.6939,7.843,7.6939,7.843,955,0
CTS,D,20171017,000000,7.8509,7.9452,7.8509,7.9452,475,0
CTS,D,20171018,000000,7.8509,7.8509,7.8509,7.8509,1626,0
CTS,D,20171019,000000,7.9295,7.9295,7.9137,7.9295,2923,0
CTS,D,20171020,000000,7.9295,7.9922,7.9295,7.9295,2458,0
CTS,D,20171023,000000,7.9137,7.9216,7.6782,7.6782,1151,0
CTS,D,20171024,000000,7.9766,7.9922,7.9766,7.9922,1693,0
CTS,D,20171025,000000,8.0236,8.1179,7.9922,8.008,3260,0
CTS,D,20171026,000000,7.9922,8.1179,7.9922,8.1179,1293,0
CTS,D,20171027,000000,8.0472,8.2435,8.0472,8.2435,3312,0
CTS,D,20171030,000000,8.5577,8.597,8.4084,8.5728,2443,0
CTS,D,20171031,000000,8.5577,8.597,8.5577,8.597,1379,0
CTS,D,20171102,000000,8.6121,8.6282,8.597,8.6282,2458,0
CTS,D,20171103,000000,8.597,8.597,8.2435,8.2435,1675,0
CTS,D,20171106,000000,8.4633,8.4793,8.4633,8.4793,764,0
CTS,D,20171107,000000,8.2278,8.6121,8.2278,8.6121,2602,0
CTS,D,20171108,000000,8.5577,8.6121,8.5577,8.6121,3228,0
CTS,D,20171110,000000,8.5577,8.6121,8.5577,8.597,1847,0
CTS,D,20171113,000000,8.597,8.6121,8.597,8.6121,1693,0
CTS,D,20171114,000000,8.6121,8.6362,8.6121,8.6362,1405,0
CTS,D,20171115,000000,8.6362,8.6362,8.6362,8.6362,1019,0
CTS,D,20171116,000000,8.6362,8.6754,8.6362,8.6754,3438,0
CTS,D,20171117,000000,8.6362,8.6362,8.6362,8.6362,438,0
CTS,D,20171120,000000,8.6362,8.6362,8.4793,8.4793,1567,0
CTS,D,20171121,000000,8.6362,9.3892,8.6362,9.3892,2773,0
CTS,D,20171122,000000,9.342,9.342,9.342,9.342,38,0
CTS,D,20171123,000000,9.0524,9.1458,8.7933,8.7933,6505,0
CTS,D,20171124,000000,9.1458,9.1458,8.8719,8.8719,1655,0
CTS,D,20171127,000000,8.9496,8.9496,8.9496,8.9496,2242,0
CTS,D,20171128,000000,9.0283,9.1458,9.0283,9.1458,8534,0
CTS,D,20171129,000000,9.1227,9.1384,9.1227,9.1227,2190,0
CTS,D,20171130,000000,9.1384,9.1458,9.1384,9.1458,880,0
CTS,D,20171201,000000,9.1458,9.1458,9.1458,9.1458,1044,0
CTS,D,20171204,000000,9.1458,9.1856,9.1458,9.1856,2547,0
CTS,D,20171205,000000,9.1856,9.2328,9.1856,9.2328,2331,0
CTS,D,20171206,000000,9.2643,9.2643,9.2643,9.2643,345,0
CTS,D,20171207,000000,9.2245,9.2245,9.2245,9.2245,383,0
CTS,D,20171208,000000,9.2162,9.2245,9.2162,9.2245,383,0
CTS,D,20171211,000000,9.2245,9.2245,9.2245,9.2245,185,0
CTS,D,20171212,000000,9.2162,9.2162,9.2014,9.2014,2038,0
CTS,D,20171213,000000,9.2245,9.2245,9.2245,9.2245,1063,0
CTS,D,20171214,000000,9.2245,9.2328,9.2245,9.2328,1579,0
CTS,D,20171215,000000,9.2486,9.2486,9.2486,9.2486,1529,0
CTS,D,20171218,000000,9.1856,9.1856,9.1856,9.1856,2706,0
CTS,D,20171219,000000,9.1856,9.1856,9.1856,9.1856,255,0
CTS,D,20171220,000000,9.1856,9.1856,9.1773,9.1773,259,0
CTS,D,20171221,000000,9.1458,9.1458,8.6362,9.1458,3499,0
CTS,D,20171222,000000,9.1773,9.1773,9.1773,9.1773,983,0
CTS,D,20171227,000000,9.1856,9.1856,9.1856,9.1856,517,0
CTS,D,20171228,000000,9.107,9.4133,9.0283,9.4133,2894,0
CTS,D,20171229,000000,9.2328,9.4133,8.8007,9.4133,1799,0
CTS,D,20180103,000000,9.4207,9.4207,9.4207,9.4207,6,0
CTS,D,20180104,000000,9.4993,9.4993,9.4993,9.4993,638,0
CTS,D,20180105,000000,9.1856,9.4207,9.1856,9.4207,891,0
CTS,D,20180108,000000,9.2643,9.814,9.2643,9.4993,373,0
CTS,D,20180109,000000,9.2643,9.4993,8.8719,9.4993,1097,0
CTS,D,20180111,000000,8.9496,9.342,8.8719,8.8719,2547,0
CTS,D,20180112,000000,8.8719,9.578,8.7933,9.0283,2048,0
CTS,D,20180115,000000,9.0283,9.578,9.0283,9.578,802,0
CTS,D,20180116,000000,9.107,9.4207,9.107,9.4207,10,0
CTS,D,20180117,000000,9.4207,9.578,9.107,9.578,478,0
CTS,D,20180118,000000,9.107,9.578,9.107,9.578,1796,0
CTS,D,20180122,000000,9.2643,9.657,9.2643,9.657,980,0
CTS,D,20180123,000000,9.893,9.893,9.893,9.893,49,0
CTS,D,20180124,000000,9.4207,9.4207,9.4207,9.4207,445,0
CTS,D,20180126,000000,9.4207,9.4207,9.4207,9.4207,12,0
CTS,D,20180129,000000,9.4207,9.4207,8.7933,8.9496,3206,0
CTS,D,20180131,000000,9.4207,9.4207,9.2643,9.2643,255,0
CTS,D,20180201,000000,9.107,9.2643,9.107,9.2643,1834,0
CTS,D,20180202,000000,9.2643,9.2643,9.2643,9.2643,816,0
CTS,D,20180205,000000,9.2643,9.2643,9.2643,9.2643,459,0
CTS,D,20180206,000000,9.2643,9.4207,8.9496,9.4207,509,0
CTS,D,20180207,000000,9.2643,9.657,9.2643,9.657,603,0
CTS,D,20180208,000000,9.814,9.814,9.814,9.814,128,0
CTS,D,20180209,000000,9.2643,10.049,9.2643,10.049,1400,0
CTS,D,20180212,000000,9.2643,9.814,9.2643,9.814,742,0
CTS,D,20180213,000000,9.342,9.735,9.342,9.735,357,0
CTS,D,20180214,000000,9.4207,10.285,9.4207,9.4993,2802,0
CTS,D,20180215,000000,9.971,10.206,9.971,10.206,319,0
CTS,D,20180216,000000,9.4207,9.971,9.342,9.4993,1108,0
CTS,D,20180219,000000,9.735,9.893,9.4993,9.893,1108,0
CTS,D,20180220,000000,9.4993,10.285,9.4993,10.285,790,0
CTS,D,20180221,000000,9.657,10.206,9.657,10.206,1662,0
CTS,D,20180222,000000,10.128,10.441,9.735,10.441,2813,0
CTS,D,20180223,000000,9.814,10.128,9.2643,10.049,5026,0
CTS,D,20180226,000000,9.657,9.971,9.4207,9.971,2102,0
CTS,D,20180227,000000,9.4207,10.049,9.4207,10.049,2178,0
CTS,D,20180228,000000,10.049,10.049,10.049,10.049,247,0
CTS,D,20180301,000000,9.735,10.441,9.735,10.441,4942,0
CTS,D,20180302,000000,9.893,9.893,9.2643,9.2643,5850,0
CTS,D,20180305,000000,9.657,9.735,9.657,9.735,381,0
CTS,D,20180306,000000,9.657,9.814,9.657,9.735,1312,0
CTS,D,20180307,000000,9.342,9.814,9.342,9.735,1019,0
CTS,D,20180308,000000,9.657,9.735,9.657,9.735,509,0
CTS,D,20180309,000000,9.342,9.657,9.342,9.342,1607,0
CTS,D,20180312,000000,9.657,9.657,9.342,9.342,842,0
CTS,D,20180313,000000,9.342,9.342,9.342,9.342,125,0
CTS,D,20180314,000000,9.1856,9.814,9.1856,9.657,383,0
CTS,D,20180315,000000,9.735,9.735,8.7933,9.4207,2760,0
CTS,D,20180319,000000,9.4207,9.4207,9.2643,9.2643,2160,0
CTS,D,20180320,000000,8.9496,9.107,8.7933,9.107,3990,0
CTS,D,20180321,000000,9.2643,9.2643,8.9496,9.2643,2691,0
CTS,D,20180322,000000,9.1856,9.1856,9.1856,9.1856,1400,0
CTS,D,20180323,000000,9.2643,9.2643,9.107,9.2643,1426,0
CTS,D,20180326,000000,9.4207,9.4207,9.4207,9.4207,509,0
CTS,D,20180327,000000,9.4207,9.814,9.2643,9.814,2199,0
CTS,D,20180328,000000,9.4207,9.4207,8.6362,8.6362,5827,0
CTS,D,20180329,000000,9.4207,9.657,9.4207,9.657,383,0
CTS,D,20180403,000000,9.1856,9.1856,9.1856,9.1856,255,0
CTS,D,20180405,000000,9.342,9.342,8.6362,8.6362,3991,0
CTS,D,20180406,000000,8.6362,8.6362,7.8509,7.8509,3923,0
CTS,D,20180409,000000,8.008,8.008,8.008,8.008,776,0
CTS,D,20180410,000000,7.9295,7.9295,7.8509,7.8509,293,0
CTS,D,20180411,000000,8.0865,8.0865,7.5369,7.5369,4309,0
CTS,D,20180412,000000,7.3799,7.7724,7.0659,7.7724,4774,0
CTS,D,20180413,000000,8.008,8.008,7.3799,7.3799,4011,0
CTS,D,20180416,000000,7.2228,7.5369,7.0659,7.0659,3922,0
CTS,D,20180417,000000,7.0659,7.3799,7.0659,7.3799,1847,0
CTS,D,20180418,000000,7.2228,7.2228,7.2228,7.2228,64,0
CTS,D,20180419,000000,7.2228,7.6939,7.2228,7.6939,3444,0
CTS,D,20180420,000000,8.165,8.165,7.8509,8.165,1771,0
CTS,D,20180423,000000,7.8509,8.6362,7.8509,8.5577,3034,0
CTS,D,20180424,000000,8.5577,9.0283,8.2435,9.0283,4130,0
CTS,D,20180425,000000,8.7933,8.7933,8.2435,8.2435,371,0
CTS,D,20180426,000000,8.7933,8.7933,8.4005,8.7933,951,0
CTS,D,20180427,000000,8.7146,8.7146,8.7146,8.7146,190,0
CTS,D,20180430,000000,9.0283,9.0283,9.0283,9.0283,190,0
CTS,D,20180502,000000,8.7933,8.8719,8.4793,8.4793,942,0
CTS,D,20180504,000000,8.4793,8.4793,8.4793,8.4793,885,0
CTS,D,20180508,000000,8.0865,8.0865,8.0865,8.0865,928,0
CTS,D,20180509,000000,7.9295,7.9295,7.9295,7.9295,128,0
CTS,D,20180510,000000,7.9295,8.4793,7.9295,8.4793,4076,0
CTS,D,20180511,000000,8.0865,8.0865,7.6939,7.8509,4584,0
CTS,D,20180514,000000,8.0865,8.0865,7.7724,7.8509,8220,0
CTS,D,20180515,000000,8.008,8.008,8.008,8.008,5733,0
CTS,D,20180516,000000,8.0865,8.2435,7.8509,8.2435,4815,0
CTS,D,20180517,000000,8.2435,8.2435,8.2435,8.2435,383,0
CTS,D,20180518,000000,8.2435,8.6362,8.2435,8.6362,2980,0
CTS,D,20180521,000000,8.6362,8.6362,8.6362,8.6362,128,0
CTS,D,20180522,000000,8.4793,8.4793,7.8509,7.8509,1961,0
CTS,D,20180528,000000,7.7331,7.7331,7.7331,7.7331,152,0
CTS,D,20180529,000000,7.5369,7.5369,7.5369,7.5369,166,0
CTS,D,20180530,000000,7.5369,7.5369,7.5369,7.5369,1022,0
CTS,D,20180601,000000,7.2228,7.3799,7.0659,7.3799,4204,0
CTS,D,20180605,000000,7.2228,7.3799,7.2228,7.3799,1781,0
CTS,D,20180606,000000,7.8509,7.8509,7.3799,7.8509,1007,0
CTS,D,20180607,000000,7.5369,7.8509,7.5369,7.8509,1463,0
CTS,D,20180611,000000,8.2435,8.2435,8.0865,8.2435,4899,0
CTS,D,20180612,000000,7.9295,8.2435,7.8509,8.2435,2490,0
CTS,D,20180613,000000,8.4793,8.4793,7.8509,7.8509,20543,0
CTS,D,20180618,000000,8.2435,8.2435,8.2435,8.2435,243,0
CTS,D,20180619,000000,7.8509,8.6362,7.8509,8.6362,7800,0
CTS,D,20180621,000000,8.3219,8.5577,8.3219,8.5577,125,0
CTS,D,20180626,000000,8.008,8.5577,8.008,8.5577,3885,0
CTS,D,20180627,000000,8.5577,8.6362,8.5577,8.6362,1019,0
CTS,D,20180628,000000,8.4005,8.8719,8.008,8.8719,2128,0
CTS,D,20180629,000000,8.7378,9.094,8.7378,9.0052,1593,0
CTS,D,20180704,000000,9.0052,9.0052,9.0052,9.0052,236,0
CTS,D,20180706,000000,9.094,9.094,9.094,9.094,225,0
CTS,D,20180710,000000,8.7378,9.3624,8.7378,9.3624,1290,0
CTS,D,20180716,000000,9.094,9.3624,9.094,9.3624,661,0
CTS,D,20180717,000000,9.094,9.3624,9.094,9.3624,448,0
CTS,D,20180723,000000,9.094,9.54,9.094,9.54,1234,0
CTS,D,20180724,000000,9.094,9.54,9.094,9.54,897,0
CTS,D,20180726,000000,9.54,9.63,9.54,9.63,225,0
CTS,D,20180727,000000,9.1838,9.63,9.1838,9.63,786,0
CTS,D,20180730,000000,9.63,9.719,9.094,9.719,1781,0
CTS,D,20180731,000000,9.094,9.808,9.094,9.808,2075,0
CTS,D,20180801,000000,9.1838,9.4512,9.1838,9.4512,1065,0
CTS,D,20180802,000000,9.54,9.54,9.54,9.54,9,0
CTS,D,20180803,000000,9.2726,9.808,9.2726,9.808,1245,0
CTS,D,20180806,000000,9.54,9.54,9.54,9.54,169,0
CTS,D,20180807,000000,9.808,9.808,9.808,9.808,188,0
CTS,D,20180808,000000,9.63,9.63,9.63,9.63,33,0
CTS,D,20180809,000000,9.1838,9.1838,8.9163,8.9163,1402,0
CTS,D,20180810,000000,8.9163,8.9163,8.9163,8.9163,841,0
CTS,D,20180813,000000,9.2726,9.2726,8.9163,8.9163,709,0
CTS,D,20180814,000000,9.094,9.094,9.094,9.094,225,0
CTS,D,20180816,000000,9.3624,9.3624,9.3624,9.3624,11,0
CTS,D,20180821,000000,9.094,9.2726,9.094,9.2726,675,0
CTS,D,20180822,000000,9.2726,9.54,9.2726,9.54,243,0
CTS,D,20180828,000000,9.3624,9.3624,9.3624,9.3624,11,0
CTS,D,20180829,000000,9.3624,9.54,9.3624,9.54,1122,0
CTS,D,20180830,000000,9.3624,9.54,9.3624,9.54,1856,0
CTS,D,20180831,000000,9.63,9.63,9.63,9.63,561,0
CTS,D,20180903,000000,9.2726,9.2726,9.1838,9.1838,793,0
CTS,D,20180906,000000,9.1838,9.1838,9.1838,9.1838,143,0
CTS,D,20180907,000000,9.1838,9.1838,9.1838,9.1838,561,0
CTS,D,20180910,000000,9.1838,9.1838,9.094,9.094,5476,0
CTS,D,20180911,000000,9.1838,9.1838,8.9163,8.9163,3561,0
CTS,D,20180912,000000,8.8266,8.8266,8.8266,8.8266,190,0
CTS,D,20180913,000000,8.8719,8.9163,8.7378,8.7378,5032,0
CTS,D,20180914,000000,8.9163,9.0052,8.9163,8.9163,2523,0
CTS,D,20180917,000000,9.094,9.094,9.094,9.094,535,0
CTS,D,20180920,000000,9.094,9.3624,9.094,9.3624,448,0
CTS,D,20180921,000000,9.3624,9.808,9.3624,9.808,1077,0
CTS,D,20180924,000000,9.3624,9.3624,9.094,9.094,1387,0
CTS,D,20180925,000000,9.3624,9.808,9.2726,9.2726,981,0
CTS,D,20180926,000000,8.9163,8.9163,8.9163,8.9163,1122,0
CTS,D,20180927,000000,8.9163,9.3624,8.9163,9.3624,996,0
CTS,D,20180928,000000,9.2726,9.986,9.2726,9.986,2930,0
CTS,D,20181001,000000,9.63,9.986,9.63,9.986,7753,0
CTS,D,20181002,000000,9.63,10.254,9.63,10.254,10991,0
CTS,D,20181003,000000,9.63,10.342,9.63,10.254,21870,0
CTS,D,20181004,000000,10.254,10.521,10.254,10.521,20470,0
CTS,D,20181005,000000,10.7,10.7,10.7,10.7,291,0
CTS,D,20181008,000000,10.254,11.145,10.254,10.521,5779,0
CTS,D,20181009,000000,10.877,10.877,10.521,10.7,1992,0
CTS,D,20181011,000000,10.342,10.521,10.342,10.521,415,0
CTS,D,20181012,000000,10.877,10.877,10.877,10.877,79,0
CTS,D,20181015,000000,10.7,10.7,10.7,10.7,225,0
CTS,D,20181016,000000,10.877,10.877,9.986,10.61,4218,0
CTS,D,20181017,000000,10.877,10.877,9.808,9.808,2300,0
CTS,D,20181018,000000,9.897,10.7,9.897,10.7,897,0
CTS,D,20181019,000000,10.254,10.342,10.254,10.342,484,0
CTS,D,20181022,000000,10.61,10.61,10.61,10.61,112,0
CTS,D,20181023,000000,10.7,10.7,9.808,10.7,4823,0
CTS,D,20181024,000000,10.7,10.788,9.808,10.7,3340,0
CTS,D,20181025,000000,10.521,10.61,10.521,10.61,718,0
CTS,D,20181026,000000,10.61,10.967,10.254,10.967,2610,0
CTS,D,20181029,000000,10.967,11.323,10.967,11.323,673,0
CTS,D,20181030,000000,10.788,11.145,10.342,10.342,2194,0
CTS,D,20181031,000000,10.254,11.234,9.986,11.234,4105,0
CTS,D,20181102,000000,10.61,10.967,10.61,10.967,1156,0
CTS,D,20181105,000000,10.342,10.521,9.808,9.808,5479,0
CTS,D,20181106,000000,10.342,10.342,9.808,10.254,1269,0
CTS,D,20181113,000000,10.342,10.61,10.342,10.61,673,0
CTS,D,20181114,000000,10.254,10.521,10.254,10.521,505,0
CTS,D,20181115,000000,10.254,10.342,9.897,9.897,448,0
CTS,D,20181116,000000,10.521,10.521,10.521,10.521,112,0
CTS,D,20181119,000000,10.342,10.432,10.342,10.432,448,0
CTS,D,20181120,000000,10.075,10.075,9.986,9.986,976,0
CTS,D,20181121,000000,10.165,10.165,10.165,10.165,225,0
CTS,D,20181122,000000,10.342,10.342,10.342,10.342,146,0
CTS,D,20181123,000000,9.897,10.165,9.808,10.165,976,0
CTS,D,20181126,000000,9.63,10.165,9.63,10.165,718,0
CTS,D,20181127,000000,9.986,10.075,9.63,10.075,1593,0
CTS,D,20181128,000000,9.808,9.986,9.808,9.986,381,0
CTS,D,20181129,000000,9.986,10.521,9.986,10.521,1671,0
CTS,D,20181130,000000,10.7,10.967,10.165,10.967,4935,0
CTS,D,20181204,000000,10.342,10.342,10.075,10.075,2523,0
CTS,D,20181210,000000,10.075,10.075,10.075,10.075,126,0
CTS,D,20181220,000000,9.897,9.897,9.808,9.808,1122,0
CTS,D,20181221,000000,9.897,10.61,9.808,10.61,12375,0
CTS,D,20181227,000000,10.61,11.591,10.61,11.591,11141,0
CTS,D,20181228,000000,11.591,12.126,11.056,12.126,13541,0
CTS,D,20190102,000000,11.591,12.126,11.502,12.126,1444,0
CTS,D,20190103,000000,11.769,11.769,11.769,11.769,56,0
CTS,D,20190107,000000,11.858,11.858,11.858,11.858,1122,0
CTS,D,20190108,000000,11.591,11.858,11.591,11.858,353,0
CTS,D,20190109,000000,12.037,12.126,12.037,12.126,1233,0
CTS,D,20190111,000000,11.681,12.037,11.591,12.037,404,0
CTS,D,20190114,000000,12.304,12.304,12.304,12.304,966,0
CTS,D,20190115,000000,12.304,12.304,12.304,12.304,79,0
CTS,D,20190116,000000,12.304,12.304,12.304,12.304,11,0
CTS,D,20190117,000000,12.304,12.483,12.304,12.483,2221,0
CTS,D,20190121,000000,11.858,12.304,11.858,12.304,1193,0
CTS,D,20190122,000000,12.483,12.483,12.483,12.483,90,0
CTS,D,20190124,000000,12.483,12.839,12.483,12.839,1595,0
CTS,D,20190125,000000,12.483,12.483,12.483,12.483,56,0
CTS,D,20190129,000000,12.483,13.195,12.483,13.195,1747,0
CTS,D,20190130,000000,13.195,13.195,13.195,13.195,466,0
CTS,D,20190131,000000,13.195,13.641,13.195,13.641,993,0
CTS,D,20190205,000000,13.641,13.641,13.641,13.641,420,0
CTS,D,20190206,000000,13.374,13.374,13.374,13.374,169,0
CTS,D,20190207,000000,13.374,13.374,13.374,13.374,56,0
CTS,D,20190214,000000,13.374,13.641,13.374,13.641,303,0
CTS,D,20190215,000000,13.909,13.909,13.641,13.641,21,0
CTS,D,20190218,000000,13.285,13.285,13.285,13.285,140,0
CTS,D,20190226,000000,12.75,13.285,12.75,13.285,1699,0
CTS,D,20190301,000000,12.483,12.483,12.483,12.483,634,0
CTS,D,20190305,000000,12.037,12.037,11.948,11.948,673,0
CTS,D,20190306,000000,11.234,11.234,11.234,11.234,290,0
CTS,D,20190311,000000,10.7,10.7,10.165,10.165,2467,0
CTS,D,20190312,000000,10.165,10.165,10.165,10.165,84,0
CTS,D,20190313,000000,10.254,10.61,10.254,10.61,827,0
CTS,D,20190314,000000,10.967,11.234,10.967,11.234,99,0
CTS,D,20190315,000000,11.413,11.413,11.413,11.413,23,0
CTS,D,20190318,000000,11.413,11.502,11.234,11.502,886,0
CTS,D,20190319,000000,11.502,11.502,11.502,11.502,179,0
CTS,D,20190321,000000,11.056,11.323,10.877,11.323,792,0
CTS,D,20190326,000000,11.502,11.502,11.502,11.502,1122,0
CTS,D,20190328,000000,11.591,11.591,11.591,11.591,561,0
CTS,D,20190329,000000,12.126,12.126,12.126,12.126,89,0
CTS,D,20190401,000000,11.546,11.546,11.546,11.546,121,0
CTS,D,20190402,000000,11.11,11.127,11.1,11.1,177,0
CTS,D,20190404,000000,11.1,11.546,11.083,11.546,1167,0
CTS,D,20190405,000000,11.546,11.546,11.546,11.546,112,0
CTS,D,20190410,000000,11.413,11.413,11.413,11.413,86,0
CTS,D,20190412,000000,11.368,11.368,11.368,11.368,41,0
CTS,D,20190415,000000,11.368,11.368,11.368,11.368,38,0
CTS,D,20190417,000000,11.413,11.546,11.413,11.546,1587,0
CTS,D,20190424,000000,10.877,11.368,10.877,11.368,1345,0
CTS,D,20190430,000000,11.413,11.546,11.413,11.546,1682,0
CTS,D,20190510,000000,11.413,11.413,11.413,11.413,72,0
CTS,D,20190513,000000,11.413,11.413,11.413,11.413,56,0
CTS,D,20190516,000000,10.877,11.546,10.877,11.546,1123,0
CTS,D,20190520,000000,11.413,11.546,11.413,11.413,490,0
CTS,D,20190521,000000,11.769,11.769,11.769,11.769,897,0
CTS,D,20190523,000000,10.877,11.546,10.877,11.546,1476,0
CTS,D,20190527,000000,11.769,11.769,11.769,11.769,897,0
CTS,D,20190528,000000,10.877,11.413,10.877,11.413,1424,0
CTS,D,20190529,000000,10.877,11.413,10.877,11.413,336,0
CTS,D,20190531,000000,11.591,11.591,10.877,11.591,2631,0
CTS,D,20190603,000000,10.923,11.368,10.7,11.368,1413,0
CTS,D,20190604,000000,10.877,10.877,10.877,10.877,617,0
CTS,D,20190605,000000,10.7,10.7,10.7,10.7,336,0
CTS,D,20190606,000000,10.7,10.7,10.7,10.7,336,0
CTS,D,20190610,000000,11.19,11.19,10.7,11.19,427,0
CTS,D,20190611,000000,11.19,11.546,11.19,11.502,1795,0
CTS,D,20190612,000000,10.923,10.923,10.923,10.923,336,0
CTS,D,20190613,000000,10.877,11.279,10.7,11.279,723,0
CTS,D,20190614,000000,10.7,11.234,10.7,11.234,1183,0
CTS,D,20190617,000000,10.744,10.744,10.744,10.744,336,0
CTS,D,20190618,000000,10.788,11.413,10.788,11.413,1599,0
CTS,D,20190619,000000,10.744,10.744,10.744,10.744,359,0
CTS,D,20190621,000000,10.744,10.744,10.744,10.744,112,0
CTS,D,20190624,000000,10.521,10.521,10.254,10.254,729,0
CTS,D,20190625,000000,10.075,10.075,10.075,10.075,336,0
CTS,D,20190627,000000,9.897,9.897,9.897,9.897,336,0
CTS,D,20190628,000000,10.165,10.254,9.808,9.808,953,0
CTS,D,20190701,000000,9.808,9.808,9.808,9.808,336,0
CTS,D,20190702,000000,9.63,9.63,9.3624,9.3624,947,0
CTS,D,20190703,000000,9.094,9.094,8.9163,8.9163,651,0
CTS,D,20190704,000000,8.9247,9.094,8.9163,9.094,426,0
CTS,D,20190705,000000,9.094,9.094,8.9163,8.9163,336,0
CTS,D,20190708,000000,8.9163,8.9163,8.9163,8.9163,336,0
CTS,D,20190709,000000,8.9163,8.9163,8.9163,8.9163,336,0
CTS,D,20190710,000000,8.9163,8.9163,8.9163,8.9163,336,0
CTS,D,20190711,000000,8.9163,8.9163,8.8266,8.8266,336,0
CTS,D,20190712,000000,8.8266,8.8266,8.8266,8.8266,336,0
CTS,D,20190715,000000,8.7378,8.7378,8.7378,8.7378,3051,0
CTS,D,20190716,000000,8.4703,8.6932,8.4703,8.6932,353,0
CTS,D,20190717,000000,8.292,8.5149,8.292,8.5149,430,0
CTS,D,20190718,000000,8.1137,8.1137,8.1137,8.1137,336,0
CTS,D,20190724,000000,8.1137,8.1137,8.1137,8.1137,336,0
CTS,D,20190726,000000,8.1582,8.1582,8.1582,8.1582,897,0
CTS,D,20190729,000000,8.1672,8.1672,8.1672,8.1672,112,0
CTS,D,20190730,000000,8.5595,8.9608,8.5595,8.9608,1715,0
CTS,D,20190731,000000,8.6932,8.6932,8.6932,8.6932,897,0
CTS,D,20190801,000000,8.6486,8.6486,8.6486,8.6486,112,0
CTS,D,20190802,000000,8.6486,8.6486,8.6486,8.6486,112,0
CTS,D,20190808,000000,8.6932,8.6932,8.6932,8.6932,561,0
CTS,D,20190809,000000,8.6486,8.6486,8.6486,8.6486,112,0
CTS,D,20190812,000000,8.6486,8.6486,8.6486,8.6486,112,0
CTS,D,20190814,000000,8.6932,8.6932,8.6932,8.6932,590,0
CTS,D,20190816,000000,8.6932,8.9163,8.6932,8.9163,324,0
CTS,D,20190820,000000,8.9163,8.9163,8.6495,8.6495,336,0
CTS,D,20190821,000000,8.6495,8.6495,8.6495,8.6495,112,0
CTS,D,20190822,000000,8.6486,8.6486,8.6486,8.6486,112,0
CTS,D,20190823,000000,8.9163,8.9163,8.6486,8.6486,316,0
CTS,D,20190826,000000,8.6486,8.6486,8.6486,8.6486,177,0
CTS,D,20190828,000000,8.6486,8.9163,8.6486,8.9163,673,0
CTS,D,20190829,000000,8.6486,8.6486,8.5595,8.5595,1855,0
CTS,D,20190830,000000,8.9163,8.9163,8.6486,8.6486,145,0
CTS,D,20190904,000000,8.6932,8.6932,8.6932,8.6932,57,0
CTS,D,20190905,000000,8.7387,8.7387,8.7378,8.7378,561,0
CTS,D,20190906,000000,8.7387,8.7387,8.7378,8.7378,448,0
CTS,D,20190909,000000,8.7378,8.7378,8.6932,8.6932,336,0
CTS,D,20190910,000000,8.6932,8.6941,8.6932,8.6932,3589,0
CTS,D,20190911,000000,8.6932,8.6941,8.6932,8.6932,673,0
CTS,D,20190913,000000,8.9154,8.9154,8.6932,8.6932,113,0
CTS,D,20190916,000000,8.6941,8.6941,8.6932,8.6932,225,0
CTS,D,20190917,000000,8.6941,8.6941,8.6932,8.6932,225,0
CTS,D,20190918,000000,8.6941,8.6941,8.6932,8.6932,225,0
CTS,D,20190919,000000,8.6941,8.6941,8.6932,8.6932,561,0
CTS,D,20190920,000000,8.6941,8.6941,8.6932,8.6932,1178,0
CTS,D,20190923,000000,8.6932,8.6932,8.6932,8.6932,953,0
CTS,D,20190924,000000,8.6932,8.6932,8.6932,8.6932,56,0
CTS,D,20190925,000000,8.6932,8.6932,8.6932,8.6932,225,0
CTS,D,20190926,000000,8.6932,8.6932,8.6932,8.6932,169,0
CTS,D,20190927,000000,8.6932,8.6932,8.6932,8.6932,561,0
CTS,D,20190930,000000,8.6932,8.6932,8.6932,8.6932,673,0
CTS,D,20191001,000000,8.6932,8.6932,8.6932,8.6932,225,0
CTS,D,20191002,000000,8.6932,8.6932,8.5595,8.5595,2860,0
CTS,D,20191003,000000,8.6932,8.6932,8.6932,8.6932,56,0
CTS,D,20191008,000000,8.6932,8.6932,8.6932,8.6932,1345,0
CTS,D,20191009,000000,8.6932,8.6932,8.6932,8.6932,56,0
CTS,D,20191010,000000,8.6932,8.6932,8.6932,8.6932,5552,0
CTS,D,20191014,000000,8.6932,8.6932,8.6932,8.6932,5692,0
CTS,D,20191021,000000,8.5595,8.5595,8.5595,8.5595,4,0
CTS,D,20191022,000000,8.5595,8.5595,8.5595,8.5595,10,0
CTS,D,20191025,000000,8.6932,8.6932,8.5595,8.5595,1559,0
CTS,D,20191030,000000,8.6923,8.6923,8.6923,8.6923,1,0
CTS,D,20191105,000000,8.6932,8.6932,8.6932,8.6932,298,0
CTS,D,20191113,000000,8.292,8.292,8.292,8.292,225,0
CTS,D,20191119,000000,8.5149,8.5149,8.5149,8.5149,297,0
CTS,D,20191120,000000,8.5149,8.5149,8.5149,8.5149,600,0
CTS,D,20191121,000000,8.5149,8.5149,8.5149,8.5149,112,0
CTS,D,20191127,000000,8.1582,8.1582,8.1315,8.1405,1084,0
CTS,D,20191128,000000,8.1405,8.1405,8.1405,8.1405,2,0
CTS,D,20191129,000000,8.1315,8.1315,8.1315,8.1315,793,0
CTS,D,20191205,000000,8.0869,8.0869,8.0869,8.0869,1,0
CTS,D,20191212,000000,8.078,8.1315,8.078,8.1315,673,0
CTS,D,20191213,000000,8.078,8.078,8.078,8.078,28,0
CTS,D,20191216,000000,8.4703,8.4703,8.4703,8.4703,1,0
CTS,D,20191227,000000,8.0869,8.1315,8.0869,8.1315,233,0
CTS,D,20200103,000000,8.1315,8.1315,8.1315,8.1315,448,0
CTS,D,20200107,000000,8.078,8.1315,8.078,8.1315,640,0
CTS,D,20200116,000000,8.2028,8.2028,8.2028,8.2028,448,0
CTS,D,20200117,000000,8.2028,8.2028,8.2028,8.2028,359,0
CTS,D,20200120,000000,8.2028,8.2028,8.2028,8.2028,897,0
CTS,D,20200121,000000,8.3812,8.3812,8.3812,8.3812,17,0
CTS,D,20200122,000000,8.2028,8.2028,8.2028,8.2028,694,0
CTS,D,20200124,000000,8.4614,8.4614,8.4614,8.4614,134,0
CTS,D,20200206,000000,8.4614,8.4614,8.4614,8.4614,75,0
CTS,D,20200214,000000,8.078,8.078,8.078,8.078,4117,0
CTS,D,20200217,000000,8.0691,8.0691,7.5787,7.5787,1745,0
CTS,D,20200218,000000,7.6679,7.6679,7.3112,7.3112,2458,0
CTS,D,20200219,000000,7.3112,7.3112,6.9546,6.9546,1501,0
CTS,D,20200220,000000,6.6871,6.6871,6.6871,6.6871,213,0
CTS,D,20200227,000000,6.6871,6.7317,6.6871,6.7317,734,0
CTS,D,20200228,000000,6.4642,6.4642,6.4642,6.4642,135,0
CTS,D,20200305,000000,6.4642,6.4642,6.4196,6.4196,2464,0
CTS,D,20200312,000000,6.3305,6.3305,5.9738,5.9738,2419,0
CTS,D,20200316,000000,5.7955,5.7955,5.528,5.528,2808,0
CTS,D,20200317,000000,5.3497,5.3497,5.3497,5.3497,225,0
CTS,D,20200320,000000,5.3051,5.3051,5.3051,5.3051,1935,0
CTS,D,20200408,000000,5.4388,5.528,5.4388,5.528,886,0
CTS,D,20200409,000000,5.6172,5.7955,5.6172,5.7955,1234,0
CTS,D,20200414,000000,6.054,6.063,6.054,6.063,213,0
CTS,D,20200415,000000,5.9738,6.063,5.9738,6.063,387,0
CTS,D,20200417,000000,6.063,6.063,6.063,6.063,673,0
CTS,D,20200427,000000,6.063,6.063,6.063,6.063,280,0
CTS,D,20200428,000000,6.063,6.063,6.063,6.063,112,0
CTS,D,20200430,000000,7.1329,7.1329,7.1329,7.1329,112,0
CTS,D,20200504,000000,7.3112,7.3112,7.1329,7.3112,538,0
CTS,D,20200505,000000,7.6679,7.6679,7.6679,7.6679,140,0
CTS,D,20200507,000000,7.4895,7.8016,7.4895,7.8016,56,0
CTS,D,20200513,000000,7.4895,7.4895,7.4895,7.4895,225,0
CTS,D,20200514,000000,7.3112,7.3112,5.849,6.7406,448,0
CTS,D,20200520,000000,7.8016,7.8016,7.8016,7.8016,28,0
CTS,D,20200521,000000,7.9175,7.9175,7.4895,7.4895,113,0
CTS,D,20200522,000000,7.3112,7.3112,7.3112,7.3112,112,0
CTS,D,20200527,000000,7.2221,7.2221,7.2221,7.2221,55,0
CTS,D,20200529,000000,7.1775,8.1137,7.1329,8.1137,4768,0
CTS,D,20200602,000000,7.6679,8.1137,7.6679,8.1137,2731,0
CTS,D,20200603,000000,8.0245,8.1582,7.6679,8.1582,1795,0
CTS,D,20200605,000000,8.0245,8.0245,8.0245,8.0245,225,0
CTS,D,20200608,000000,8.0245,8.0245,8.0245,8.0245,129,0
CTS,D,20200609,000000,8.1137,8.1137,8.1137,8.1137,45,0
CTS,D,20200610,000000,8.1137,8.1137,8.1137,8.1137,280,0
CTS,D,20200618,000000,8.9163,8.9163,8.9163,8.9163,23,0
CTS,D,20200619,000000,9.0052,9.094,8.1582,9.094,1168,0
CTS,D,20200622,000000,9.3624,9.3624,8.8719,9.3624,1744,0
CTS,D,20200623,000000,9.3624,9.808,9.3624,9.808,100,0
CTS,D,20200624,000000,9.808,10.075,9.808,10.075,299,0
CTS,D,20200625,000000,10.209,10.209,10.209,10.209,166,0
CTS,D,20200626,000000,10.298,10.298,10.254,10.254,729,0
CTS,D,20200629,000000,10.596,10.596,9.671,9.671,216,0
CTS,D,20200630,000000,9.2541,9.2541,8.3287,8.8377,358,0
CTS,D,20200701,000000,8.5138,8.5138,8.5138,8.5138,32,0
CTS,D,20200702,000000,8.9302,8.9302,8.3287,8.3287,263,0
CTS,D,20200707,000000,8.3287,8.3287,8.3287,8.3287,32,0
CTS,D,20200709,000000,8.3287,8.3287,7.4958,7.4958,65,0
CTS,D,20200710,000000,7.4958,8.7451,7.4958,8.7451,265,0
CTS,D,20200713,000000,8.338,8.338,8.338,8.338,199,0
CTS,D,20200715,000000,8.338,8.338,8.3287,8.3287,16,0
CTS,D,20200716,000000,8.3287,8.3287,8.3287,8.3287,54,0
CTS,D,20200717,000000,8.3287,8.3287,8.3287,8.3287,54,0
CTS,D,20200720,000000,7.1257,7.1257,7.1257,7.1257,54,0
CTS,D,20200721,000000,8.4212,8.4212,8.3287,8.3287,431,0
CTS,D,20200722,000000,9.0228,9.0228,8.6063,8.6063,19,0
CTS,D,20200723,000000,8.7914,8.7914,8.7914,8.7914,162,0
CTS,D,20200727,000000,8.3287,8.8839,8.3287,8.8839,76,0
CTS,D,20200728,000000,8.8839,8.8839,8.8839,8.8839,32,0
CTS,D,20200729,000000,8.8839,8.8839,8.3287,8.6989,140,0
CTS,D,20200730,000000,8.3287,8.3287,8.3287,8.3287,491,0
CTS,D,20200806,000000,8.4212,8.4212,8.4212,8.4212,22,0
CTS,D,20200810,000000,8.4212,8.5138,8.4212,8.5138,223,0
CTS,D,20200811,000000,8.3287,8.3287,8.3287,8.3287,143,0
CTS,D,20200814,000000,8.3287,8.3287,8.3287,8.3287,43,0
CTS,D,20200817,000000,8.3287,8.3287,8.1436,8.1436,56,0
CTS,D,20200818,000000,8.0511,8.0511,8.0511,8.0511,227,0
CTS,D,20200819,000000,8.2362,8.2362,7.7735,8.2362,52,0
CTS,D,20200821,000000,8.1436,8.1436,8.1436,8.1436,108,0
CTS,D,20200825,000000,7.866,7.866,7.866,7.866,216,0
CTS,D,20200831,000000,8.2362,8.2362,8.2362,8.2362,54,0
CTS,D,20200902,000000,8.2362,8.6063,8.2362,8.6063,108,0
CTS,D,20200916,000000,8.1899,8.1899,8.1899,8.1899,53,0
CTS,D,20200917,000000,7.8197,7.8197,7.8197,7.8197,22,0
CTS,D,20200918,000000,7.8197,8.1899,7.4496,8.1899,611,0
CTS,D,20200923,000000,7.8197,7.8197,7.2182,7.4033,659,0
CTS,D,20200924,000000,7.6624,7.6624,7.6624,7.6624,11,0
CTS,D,20200925,000000,7.4033,7.4033,7.4033,7.4033,22,0
CTS,D,20200928,000000,7.2182,7.2182,7.1719,7.1719,454,0
CTS,D,20201005,000000,7.0794,7.0794,7.0794,7.0794,108,0
CTS,D,20201006,000000,6.9406,6.9406,6.848,6.9406,259,0
CTS,D,20201007,000000,7.0794,7.4033,7.0794,7.4033,487,0
CTS,D,20201008,000000,6.8018,7.1719,6.8018,7.1719,872,0
CTS,D,20201009,000000,7.2552,7.2645,7.2552,7.2645,216,0
CTS,D,20201012,000000,7.6346,8.3194,7.32,7.394,2923,0
CTS,D,20201013,000000,7.5051,7.5051,7.5051,7.5051,151,0
CTS,D,20201014,000000,7.5236,7.5328,7.5143,7.5328,390,0
CTS,D,20201015,000000,7.4958,7.4958,7.4496,7.4588,227,0
CTS,D,20201016,000000,7.4496,7.5884,7.4496,7.5884,227,0
CTS,D,20201019,000000,7.5884,8.0141,7.5051,7.8429,852,0
CTS,D,20201020,000000,7.5884,7.8429,7.5884,7.6485,375,0
CTS,D,20201022,000000,7.7735,7.7735,7.7735,7.7735,77,0
CTS,D,20201023,000000,7.6346,7.8567,7.4033,7.4033,739,0
CTS,D,20201026,000000,7.7735,7.7735,7.4033,7.4033,1613,0
CTS,D,20201027,000000,7.7735,7.8197,7.7735,7.8197,187,0
CTS,D,20201028,000000,7.7735,7.9123,7.32,7.32,2693,0
CTS,D,20201029,000000,7.93,7.93,6.5,7.35,1048,0
CTS,D,20201030,000000,7,7,6.432,6.432,493,0
